/*
 Navicat Premium Data Transfer

 Source Server         : @43.138.216.214
 Source Server Type    : MySQL
 Source Server Version : 50744
 Source Host           : 43.138.216.214:3306
 Source Schema         : api_platform

 Target Server Type    : MySQL
 Target Server Version : 50744
 File Encoding         : 65001

 Date: 04/05/2024 09:50:08
*/

SET NAMES utf8mb4;
SET FOREIGN_KEY_CHECKS = 0;

-- ----------------------------
-- Table structure for daily_check_in
-- ----------------------------
DROP TABLE IF EXISTS `daily_check_in`;
CREATE TABLE `daily_check_in`  (
  `id` bigint(20) NOT NULL AUTO_INCREMENT COMMENT 'id',
  `user_id` bigint(20) NOT NULL COMMENT '签到人',
  `description` varchar(256) CHARACTER SET utf8mb4 COLLATE utf8mb4_general_ci NULL DEFAULT NULL COMMENT '描述',
  `add_points` bigint(20) NOT NULL DEFAULT 10 COMMENT '签到增加积分个数',
  `create_time` datetime NOT NULL DEFAULT CURRENT_TIMESTAMP COMMENT '创建时间',
  `update_time` datetime NOT NULL DEFAULT CURRENT_TIMESTAMP ON UPDATE CURRENT_TIMESTAMP COMMENT '更新时间',
  PRIMARY KEY (`id`) USING BTREE
) ENGINE = InnoDB AUTO_INCREMENT = 1786389712750424067 CHARACTER SET = utf8mb4 COLLATE = utf8mb4_general_ci COMMENT = '每日签到表' ROW_FORMAT = Dynamic;

-- ----------------------------
-- Records of daily_check_in
-- ----------------------------

-- ----------------------------
-- Table structure for interface_info
-- ----------------------------
DROP TABLE IF EXISTS `interface_info`;
CREATE TABLE `interface_info`  (
  `id` bigint(20) NOT NULL AUTO_INCREMENT COMMENT 'id',
  `name` varchar(256) CHARACTER SET utf8mb4 COLLATE utf8mb4_general_ci NOT NULL COMMENT '接口名称',
  `url` varchar(256) CHARACTER SET utf8mb4 COLLATE utf8mb4_general_ci NOT NULL COMMENT '接口地址',
  `user_id` bigint(20) NULL DEFAULT NULL COMMENT '发布人',
  `method` varchar(256) CHARACTER SET utf8mb4 COLLATE utf8mb4_general_ci NOT NULL COMMENT '请求方法',
  `request_params` text CHARACTER SET utf8mb4 COLLATE utf8mb4_general_ci NULL COMMENT '接口请求参数',
  `response_params` text CHARACTER SET utf8mb4 COLLATE utf8mb4_general_ci NULL COMMENT '接口响应参数',
  `reduce_score` bigint(20) NULL DEFAULT 0 COMMENT '扣除积分数',
  `request_example` text CHARACTER SET utf8mb4 COLLATE utf8mb4_general_ci NULL COMMENT '请求示例',
  `request_header` text CHARACTER SET utf8mb4 COLLATE utf8mb4_general_ci NULL COMMENT '请求头',
  `response_header` text CHARACTER SET utf8mb4 COLLATE utf8mb4_general_ci NULL COMMENT '响应头',
  `return_format` varchar(512) CHARACTER SET utf8mb4 COLLATE utf8mb4_general_ci NULL DEFAULT 'JSON' COMMENT '返回格式(JSON等等)',
  `description` varchar(256) CHARACTER SET utf8mb4 COLLATE utf8mb4_general_ci NULL DEFAULT NULL COMMENT '描述信息',
  `status` tinyint(4) NOT NULL DEFAULT 0 COMMENT '接口状态（0- 默认下线 1- 上线）',
  `total_invokes` bigint(20) NOT NULL DEFAULT 0 COMMENT '接口总调用次数',
  `avatar_url` varchar(1024) CHARACTER SET utf8mb4 COLLATE utf8mb4_general_ci NULL DEFAULT NULL COMMENT '接口头像',
  `create_time` datetime NOT NULL DEFAULT CURRENT_TIMESTAMP COMMENT '创建时间',
  `update_time` datetime NOT NULL DEFAULT CURRENT_TIMESTAMP ON UPDATE CURRENT_TIMESTAMP COMMENT '更新时间',
  `is_delete` tinyint(4) NOT NULL DEFAULT 0 COMMENT '是否删除',
  PRIMARY KEY (`id`) USING BTREE
) ENGINE = InnoDB AUTO_INCREMENT = 1785418263822745603 CHARACTER SET = utf8mb4 COLLATE = utf8mb4_general_ci COMMENT = '接口信息表' ROW_FORMAT = Dynamic;

-- ----------------------------
-- Records of interface_info
-- ----------------------------
INSERT INTO `interface_info` VALUES (1705234447153963010, '幽默段子', 'https://api.suki.vin/api/interface/poisonousChickenSoup', 1698354419367571457, 'GET', NULL, '[{\"id\":\"1695051685885\",\"fieldName\":\"code\",\"type\":\"int\",\"desc\":\"响应码\"},{\"id\":\"1695052930602\",\"fieldName\":\"data.text\",\"type\":\"string\",\"desc\":\"幽默段子\"},{\"id\":\"1695052955781\",\"fieldName\":\"message\",\"type\":\"string\",\"desc\":\"响应描述\"}]', 1, 'https://api.suki.vin/api/interface/poisonousChickenSoup', NULL, NULL, 'JSON', '只为博君一笑', 1, 74, 'https://img.suki.vin/interface_icon/huixieyulu.png', '2023-09-22 22:55:48', '2024-05-03 21:57:45', 0);
INSERT INTO `interface_info` VALUES (1705237104270712833, '获取输入的名称', 'https://api.suki.vin/api/interface/name', 1698354419367571457, 'GET', '[{\"id\":\"1695031845159\",\"fieldName\":\"name\",\"type\":\"string\",\"desc\":\"输入的名称\",\"required\":\"是\"}]', '[{\"id\":\"1695105888173\",\"fieldName\":\"data.name\",\"type\":\"object\",\"desc\":\"输入的参数\"},{\"id\":\"1695382937817\",\"fieldName\":\"code\",\"type\":\"int\",\"desc\":\"响应码\"},{\"id\":\"1695382949291\",\"fieldName\":\"message\",\"type\":\"string\",\"desc\":\"响应信息描述\"}]', 1, 'https://api.suki.vin/api/interface/name', NULL, NULL, 'JSON', '获取输入的名称', 2, 2, 'https://img.suki.vin/interface_icon/name.png', '2023-09-22 23:06:22', '2024-05-02 17:44:42', 1);
INSERT INTO `interface_info` VALUES (1705237990061580289, '随机壁纸', 'https://api.suki.vin/api/interface/randomWallpaper', 1698354419367571457, 'GET', '[{\"id\":\"1695032007961\",\"fieldName\":\"method\",\"type\":\"string\",\"desc\":\"壁纸输出端：[ pc | mobile | zsy ]，默认为pc端\",\"required\":\"否\"},{\"id\":\"1695032018924\",\"fieldName\":\"lx\",\"type\":\"string\",\"desc\":\"壁纸类型：[ fengjing | dongman | meizi | suiji ]，默认为风景\",\"required\":\"否\"}]', '[{\"id\":\"1695051751595\",\"fieldName\":\"code\",\"type\":\"string\",\"desc\":\"响应码\"},{\"id\":\"1695051832571\",\"fieldName\":\"data.imgurl\",\"type\":\"string\",\"desc\":\"返回的壁纸地址\"},{\"id\":\"1695051861456\",\"fieldName\":\"message\",\"type\":\"string\",\"desc\":\"响应消息\"}]', 1, 'https://api.suki.vin/api/interface/randomWallpaper', NULL, NULL, 'JSON', '获取随机壁纸', 1, 62, 'https://img.suki.vin/interface_icon/bizhi.png', '2023-09-22 23:09:53', '2024-05-02 22:08:44', 0);
INSERT INTO `interface_info` VALUES (1705238841173942274, '星座运势', 'https://api.suki.vin/api/interface/horoscope', 1698354419367571457, 'GET', '[{\"id\":\"1695382662346\",\"fieldName\":\"type\",\"type\":\"string\",\"desc\":\"十二星座：aries(白羊3.21-4.20), taurus(金牛4.21-5.21), gemini(双子5.22-6.21), cancer(巨蟹6.22-7.23), leo(狮子7.24-8.23), virgo(处女8.24-9.23), libra(天秤9.24-10.23), scorpio(天蝎10.24-11.22), sagittarius(射手11.23-12.21), capricorn(摩羯12.23-1.22), aquarius(水瓶1.21-2.19), pisces(双鱼2.20-3.20)\",\"required\":\"是\"},{\"id\":\"1695382692472\",\"fieldName\":\"time\",\"type\":\"string\",\"desc\":\"时间：today(今天), nextday(明天), week(本周), month(本月), year(本年)\",\"required\":\"是\"}]', '[{\"id\":\"1695382701088\",\"fieldName\":\"code\",\"type\":\"int\",\"desc\":\"响应码\"},{\"id\":\"1695382720309\",\"fieldName\":\"data.todo.yi\",\"type\":\"string\",\"desc\":\"宜做\"},{\"id\":\"1695382741895\",\"fieldName\":\"data.todo.ji\",\"type\":\"string\",\"desc\":\"忌做\"},{\"id\":\"1695382783855\",\"fieldName\":\"data.fortunetext.all\",\"type\":\"string\",\"desc\":\"整体运势\"},{\"id\":\"1695382810906\",\"fieldName\":\"data.fortunetext.love\",\"type\":\"string\",\"desc\":\"爱情运势\"},{\"id\":\"1695382836727\",\"fieldName\":\"data.fortunetext.work\",\"type\":\"string\",\"desc\":\"工作运势\"},{\"id\":\"1695382864966\",\"fieldName\":\"data.fortunetext.money\",\"type\":\"string\",\"desc\":\"财运运势\"},{\"id\":\"1695382888169\",\"fieldName\":\"data.fortunetext.health\",\"type\":\"string\",\"desc\":\"健康运势\"},{\"id\":\"1695382912920\",\"fieldName\":\"data.fortune.all\",\"type\":\"int\",\"desc\":\"整体运势评分\"},{\"id\":\"1695382931057\",\"fieldName\":\"data.fortune.love\",\"type\":\"int\",\"desc\":\"爱情运势评分\"},{\"id\":\"1695382952540\",\"fieldName\":\"data.fortune.work\",\"type\":\"int\",\"desc\":\"工作运势评分\"},{\"id\":\"1695382975321\",\"fieldName\":\"data.fortune.money\",\"type\":\"int\",\"desc\":\"财运运势评分\"},{\"id\":\"1695382999222\",\"fieldName\":\"data.fortune.health\",\"type\":\"int\",\"desc\":\"健康运势评分\"},{\"id\":\"1695383027074\",\"fieldName\":\"data.shortcomment\",\"type\":\"string\",\"desc\":\"简评\"},{\"id\":\"1695383057554\",\"fieldName\":\"data.luckycolor\",\"type\":\"string\",\"desc\":\"幸运颜色\"},{\"id\":\"1695383079261\",\"fieldName\":\"data.index.all\",\"type\":\"string\",\"desc\":\"整体指数\"},{\"id\":\"1695383102324\",\"fieldName\":\"data.index.love\",\"type\":\"string\",\"desc\":\"爱情指数\"},{\"id\":\"1695383125487\",\"fieldName\":\"data.index.work\",\"type\":\"string\",\"desc\":\"工作指数\"},{\"id\":\"1695383149310\",\"fieldName\":\"data.index.money\",\"type\":\"string\",\"desc\":\"财运指数\"},{\"id\":\"1695383173441\",\"fieldName\":\"data.index.health\",\"type\":\"string\",\"desc\":\"健康指数\"},{\"id\":\"1695383203920\",\"fieldName\":\"data.luckynumber\",\"type\":\"string\",\"desc\":\"幸运数字\"},{\"id\":\"1695383227323\",\"fieldName\":\"data.time\",\"type\":\"string\",\"desc\":\"日期\"},{\"id\":\"1695383247152\",\"fieldName\":\"data.title\",\"type\":\"string\",\"desc\":\"星座名称\"},{\"id\":\"1695383269015\",\"fieldName\":\"data.type\",\"type\":\"string\",\"desc\":\"运势类型\"},{\"id\":\"1695383292088\",\"fieldName\":\"data.luckyconstellation\",\"type\":\"string\",\"desc\":\"幸运星座\"},{\"id\":\"1695383314942\",\"fieldName\":\"message\",\"type\":\"string\",\"desc\":\"响应描述\"}]', 1, 'https://api.suki.vin/api/interface/horoscope', '', NULL, 'JSON', '看看你今日的运势吧', 1, 38, 'https://img.suki.vin/interface_icon/xingzuo.png', '2023-09-22 23:13:16', '2024-05-02 17:44:42', 0);
INSERT INTO `interface_info` VALUES (1705239469589733378, '土味情话', 'https://api.suki.vin/api/interface/loveTalk', 1698354419367571457, 'GET', NULL, '[{\"id\":\"1695382126371\",\"fieldName\":\"code\",\"type\":\"int\",\"desc\":\"响应码\"},{\"id\":\"1695382173816\",\"fieldName\":\"data.value\",\"type\":\"string\",\"desc\":\"随机土味情话\"},{\"id\":\"1695382205869\",\"fieldName\":\"message\",\"type\":\"string\",\"desc\":\"返回信息描述\"}]', 1, 'https://api.suki.vin/api/interface/loveTalk', NULL, NULL, 'JSON', '爱你在心口难开', 1, 69, 'https://img.suki.vin/interface_icon/love.png', '2023-09-22 23:15:46', '2024-05-03 01:40:15', 0);
INSERT INTO `interface_info` VALUES (1705239928861827073, 'IP归属地', 'https://api.suki.vin/api/interface/ipInfo', 1698354419367571457, 'GET', '[{\"id\":\"1695388304868\",\"fieldName\":\"ip\",\"type\":\"string\",\"desc\":\"输入IP地址\",\"required\":\"是\"}]', '[{\"id\":\"1695382701088\",\"fieldName\":\"code\",\"type\":\"int\",\"desc\":\"响应码\"},{\"id\":\"1695382720309\",\"fieldName\":\"data.ip\",\"type\":\"string\",\"desc\":\"IP地址\"},{\"id\":\"1695382741895\",\"fieldName\":\"data.info.country\",\"type\":\"string\",\"desc\":\"国家\"},{\"id\":\"1695382783855\",\"fieldName\":\"data.info.prov\",\"type\":\"string\",\"desc\":\"省份\"},{\"id\":\"1695382810906\",\"fieldName\":\"data.info.city\",\"type\":\"string\",\"desc\":\"城市\"},{\"id\":\"1695382836727\",\"fieldName\":\"data.info.lsp\",\"type\":\"string\",\"desc\":\"运营商\"},{\"id\":\"1695382864966\",\"fieldName\":\"message\",\"type\":\"string\",\"desc\":\"响应描述\"}]', 1, 'https://api.suki.vin/api/interface/ipInfo', NULL, NULL, 'JSON', '获取IP归属地信息', 1, 19, 'https://img.suki.vin/interface_icon/ip_info.png', '2023-09-22 23:17:35', '2024-05-02 17:44:42', 0);
INSERT INTO `interface_info` VALUES (1705240565347459073, '天气查询', 'https://api.suki.vin/api/interface/weather', 1698354419367571457, 'GET', '[{\"id\":\"1695392098947\",\"fieldName\":\"city\",\"type\":\"string\",\"desc\":\"输入城市（地级市或直辖市）\",\"required\":\"否\"},{\"id\":\"1695392118560\",\"fieldName\":\"ip\",\"type\":\"string\",\"desc\":\"输入IP\",\"required\":\"否\"},{\"id\":\"1695392127763\",\"fieldName\":\"type\",\"type\":\"string\",\"desc\":\"输入week查询一周天气，默认一天\",\"required\":\"否\"}]', '[{\"id\":\"1695382701088\",\"fieldName\":\"code\",\"type\":\"int\",\"desc\":\"响应码\"},{\"id\":\"1695382720309\",\"fieldName\":\"data.city\",\"type\":\"string\",\"desc\":\"城市\"},{\"id\":\"1695382741895\",\"fieldName\":\"data.info.date\",\"type\":\"string\",\"desc\":\"日期\"},{\"id\":\"1695382783855\",\"fieldName\":\"data.info.week\",\"type\":\"string\",\"desc\":\"星期几\"},{\"id\":\"1695382810906\",\"fieldName\":\"data.info.type\",\"type\":\"string\",\"desc\":\"天气类型\"},{\"id\":\"1695382836727\",\"fieldName\":\"data.info.low\",\"type\":\"string\",\"desc\":\"最低温度\"},{\"id\":\"1695382864966\",\"fieldName\":\"data.info.high\",\"type\":\"string\",\"desc\":\"最高温度\"},{\"id\":\"1695382892007\",\"fieldName\":\"data.info.fengxiang\",\"type\":\"string\",\"desc\":\"风向\"},{\"id\":\"1695382918740\",\"fieldName\":\"data.info.fengli\",\"type\":\"string\",\"desc\":\"风力\"},{\"id\":\"1695382951685\",\"fieldName\":\"data.info.night.type\",\"type\":\"string\",\"desc\":\"夜间天气类型\"},{\"id\":\"1695382977506\",\"fieldName\":\"data.info.night.fengxiang\",\"type\":\"string\",\"desc\":\"夜间风向\"},{\"id\":\"1695383004749\",\"fieldName\":\"data.info.night.fengli\",\"type\":\"string\",\"desc\":\"夜间风力\"},{\"id\":\"1695383032988\",\"fieldName\":\"data.info.air.aqi\",\"type\":\"int\",\"desc\":\"空气质量指数\"},{\"id\":\"1695383052210\",\"fieldName\":\"data.info.air.aqi_level\",\"type\":\"int\",\"desc\":\"空气质量指数级别\"},{\"id\":\"1695383072789\",\"fieldName\":\"data.info.air.aqi_name\",\"type\":\"string\",\"desc\":\"空气质量指数名称\"},{\"id\":\"1695383098609\",\"fieldName\":\"data.info.air.co\",\"type\":\"string\",\"desc\":\"一氧化碳浓度\"},{\"id\":\"1695383124245\",\"fieldName\":\"data.info.air.no2\",\"type\":\"string\",\"desc\":\"二氧化氮浓度\"},{\"id\":\"1695383149267\",\"fieldName\":\"data.info.air.o3\",\"type\":\"string\",\"desc\":\"臭氧浓度\"},{\"id\":\"1695383173716\",\"fieldName\":\"data.info.air.pm10\",\"type\":\"string\",\"desc\":\"PM10浓度\"},{\"id\":\"1695383198557\",\"fieldName\":\"data.info.air.pm25\",\"type\":\"string\",\"desc\":\"PM2.5浓度\"},{\"id\":\"1695383222398\",\"fieldName\":\"data.info.air.so2\",\"type\":\"string\",\"desc\":\"二氧化硫浓度\"},{\"id\":\"1695383249835\",\"fieldName\":\"data.info.tip\",\"type\":\"string\",\"desc\":\"提示信息\"},{\"id\":\"1695383275472\",\"fieldName\":\"message\",\"type\":\"string\",\"desc\":\"响应描述\"}]', 1, 'https://api.suki.vin/api/interface/weather', NULL, NULL, 'JSON', '获取每日的天气信息', 1, 75, 'https://img.suki.vin/interface_icon/weather.png', '2023-09-22 23:20:07', '2024-05-03 01:41:17', 0);
INSERT INTO `interface_info` VALUES (1785417203737575425, '网易云Hot', 'https://api.suki.vin/api/interface/wyHotMusic', 1780561892755771394, 'GET', NULL, NULL, 2, 'https://api.suki.vin/api/interface/wyHotMusic', NULL, NULL, 'JSON', '获取网易云热榜歌曲', 1, 193, 'https://img.suki.vin/interface_icon/wymusic.png', '2024-05-01 05:13:27', '2024-05-03 23:23:45', 0);
INSERT INTO `interface_info` VALUES (1785417696081756161, '动漫头像', 'https://api.suki.vin/api/interface/cartoonAvatar', 1780561892755771394, 'GET', NULL, NULL, 1, 'https://api.suki.vin/api/interface/cartoonAvatar', NULL, NULL, 'JSON', '获取动漫头像', 1, 63, 'https://img.suki.vin/interface_icon/dongman.png', '2024-05-01 05:15:24', '2024-05-03 22:58:44', 0);
INSERT INTO `interface_info` VALUES (1785418020532142082, '手机号归属地', 'https://api.suki.vin/api/interface/phoneInfo', 1780561892755771394, 'GET', '[{\"id\":\"1714512494552\",\"fieldName\":\"phone\",\"type\":\"string\",\"desc\":\"手机号码\",\"required\":\"是\"}]', NULL, 1, 'https://api.suki.vin/api/interface/phoneInfo', NULL, NULL, 'JSON', '获取手机号归属地信息', 1, 24, 'https://img.suki.vin/interface_icon/号码归属地.png', '2024-05-01 05:16:42', '2024-05-02 22:13:24', 0);
INSERT INTO `interface_info` VALUES (1785418263822745602, '职场人日历', 'https://api.suki.vin/api/interface/calendar', 1780561892755771394, 'GET', NULL, NULL, 1, 'https://api.suki.vin/api/interface/calendar', NULL, NULL, 'JSON', '有趣的职场人专属日历', 1, 27, 'https://img.suki.vin/interface_icon/日历.png', '2024-05-01 05:17:40', '2024-05-03 22:47:43', 0);

-- ----------------------------
-- Table structure for payment_info
-- ----------------------------
DROP TABLE IF EXISTS `payment_info`;
CREATE TABLE `payment_info`  (
  `id` bigint(20) NOT NULL AUTO_INCREMENT COMMENT 'id',
  `order_no` varchar(256) CHARACTER SET utf8mb4 COLLATE utf8mb4_general_ci NULL DEFAULT NULL COMMENT '商户订单号',
  `transaction_id` varchar(256) CHARACTER SET utf8mb4 COLLATE utf8mb4_general_ci NULL DEFAULT NULL COMMENT '微信支付订单号',
  `trade_type` varchar(256) CHARACTER SET utf8mb4 COLLATE utf8mb4_general_ci NULL DEFAULT NULL COMMENT '交易类型',
  `trade_state` varchar(256) CHARACTER SET utf8mb4 COLLATE utf8mb4_general_ci NULL DEFAULT NULL COMMENT '交易状态(SUCCESS：支付成功 REFUND：转入退款 NOTPAY：未支付 CLOSED：已关闭 REVOKED：已撤销（仅付款码支付会返回）\n                                                                              USERPAYING：用户支付中（仅付款码支付会返回）PAYERROR：支付失败（仅付款码支付会返回）)',
  `trade_state_desc` varchar(256) CHARACTER SET utf8mb4 COLLATE utf8mb4_general_ci NULL DEFAULT NULL COMMENT '交易状态描述',
  `success_time` varchar(256) CHARACTER SET utf8mb4 COLLATE utf8mb4_general_ci NULL DEFAULT NULL COMMENT '支付完成时间',
  `openid` varchar(256) CHARACTER SET utf8mb4 COLLATE utf8mb4_general_ci NULL DEFAULT NULL COMMENT '用户标识',
  `payer_total` bigint(20) NULL DEFAULT NULL COMMENT '用户支付金额',
  `currency` varchar(256) CHARACTER SET utf8mb4 COLLATE utf8mb4_general_ci NULL DEFAULT 'CNY' COMMENT '货币类型',
  `payer_currency` varchar(256) CHARACTER SET utf8mb4 COLLATE utf8mb4_general_ci NULL DEFAULT 'CNY' COMMENT '用户支付币种',
  `content` text CHARACTER SET utf8mb4 COLLATE utf8mb4_general_ci NULL COMMENT '接口返回内容',
  `total` bigint(20) NULL DEFAULT NULL COMMENT '总金额(分)',
  `create_time` datetime NOT NULL DEFAULT CURRENT_TIMESTAMP COMMENT '创建时间',
  `update_time` datetime NOT NULL DEFAULT CURRENT_TIMESTAMP ON UPDATE CURRENT_TIMESTAMP COMMENT '更新时间',
  PRIMARY KEY (`id`) USING BTREE
) ENGINE = InnoDB AUTO_INCREMENT = 1786376922186780675 CHARACTER SET = utf8mb4 COLLATE = utf8mb4_general_ci COMMENT = '付款信息表' ROW_FORMAT = Dynamic;

-- ----------------------------
-- Records of payment_info
-- ----------------------------
INSERT INTO `payment_info` VALUES (1785444653003587586, 'order_84588500362561146216', '2024050122001433690502589598', '电脑网站支付', 'TRADE_SUCCESS', '支付成功', '2024-05-01 07:02:31', '2088722033633692', 1, 'CNY', 'CNY', '{\"appid\":\"9021000136613391\",\"outTradeNo\":\"order_84588500362561146216\",\"transactionId\":\"2024050122001433690502589598\",\"tradeType\":\"电脑网站支付\",\"tradeState\":\"TRADE_SUCCESS\",\"tradeStateDesc\":\"支付成功\",\"successTime\":\"2024-05-01 07:02:31\",\"payer\":{\"openid\":\"2088722033633692\"},\"amount\":{\"total\":1,\"payerTotal\":1,\"currency\":\"CNY\",\"payerCurrency\":\"CNY\"}}', 1, '2024-05-01 07:02:31', '2024-05-01 07:02:31');
INSERT INTO `payment_info` VALUES (1785445049122045953, 'order_31186912040142347535', '2024050122001433690502587292', '电脑网站支付', 'TRADE_SUCCESS', '支付成功', '2024-05-01 07:04:06', '2088722033633692', 599, 'CNY', 'CNY', '{\"appid\":\"9021000136613391\",\"outTradeNo\":\"order_31186912040142347535\",\"transactionId\":\"2024050122001433690502587292\",\"tradeType\":\"电脑网站支付\",\"tradeState\":\"TRADE_SUCCESS\",\"tradeStateDesc\":\"支付成功\",\"successTime\":\"2024-05-01 07:04:06\",\"payer\":{\"openid\":\"2088722033633692\"},\"amount\":{\"total\":599,\"payerTotal\":599,\"currency\":\"CNY\",\"payerCurrency\":\"CNY\"}}', 599, '2024-05-01 07:04:06', '2024-05-01 07:04:06');
INSERT INTO `payment_info` VALUES (1785446379056152578, 'order_30386832252799803554', '2024050122001433690502585693', '电脑网站支付', 'TRADE_SUCCESS', '支付成功', '2024-05-01 07:09:22', '2088722033633692', 599, 'CNY', 'CNY', '{\"appid\":\"9021000136613391\",\"outTradeNo\":\"order_30386832252799803554\",\"transactionId\":\"2024050122001433690502585693\",\"tradeType\":\"电脑网站支付\",\"tradeState\":\"TRADE_SUCCESS\",\"tradeStateDesc\":\"支付成功\",\"successTime\":\"2024-05-01 07:09:22\",\"payer\":{\"openid\":\"2088722033633692\"},\"amount\":{\"total\":599,\"payerTotal\":599,\"currency\":\"CNY\",\"payerCurrency\":\"CNY\"}}', 599, '2024-05-01 07:09:23', '2024-05-01 07:09:23');
INSERT INTO `payment_info` VALUES (1785788287007780866, 'order_96912275946152274963', '2024050222001433690502596542', '电脑网站支付', 'TRADE_SUCCESS', '支付成功', '2024-05-02 05:47:57', '2088722033633692', 199, 'CNY', 'CNY', '{\"appid\":\"9021000136613391\",\"outTradeNo\":\"order_96912275946152274963\",\"transactionId\":\"2024050222001433690502596542\",\"tradeType\":\"电脑网站支付\",\"tradeState\":\"TRADE_SUCCESS\",\"tradeStateDesc\":\"支付成功\",\"successTime\":\"2024-05-02 05:47:57\",\"payer\":{\"openid\":\"2088722033633692\"},\"amount\":{\"total\":199,\"payerTotal\":199,\"currency\":\"CNY\",\"payerCurrency\":\"CNY\"}}', 199, '2024-05-02 05:48:00', '2024-05-02 05:48:00');
INSERT INTO `payment_info` VALUES (1785973810431184897, 'order_80674011120811537942', '2024050222001433690502612343', '电脑网站支付', 'TRADE_SUCCESS', '支付成功', '2024-05-02 18:05:10', '2088722033633692', 99, 'CNY', 'CNY', '{\"appid\":\"9021000136613391\",\"outTradeNo\":\"order_80674011120811537942\",\"transactionId\":\"2024050222001433690502612343\",\"tradeType\":\"电脑网站支付\",\"tradeState\":\"TRADE_SUCCESS\",\"tradeStateDesc\":\"支付成功\",\"successTime\":\"2024-05-02 18:05:10\",\"payer\":{\"openid\":\"2088722033633692\"},\"amount\":{\"total\":99,\"payerTotal\":99,\"currency\":\"CNY\",\"payerCurrency\":\"CNY\"}}', 99, '2024-05-02 18:05:12', '2024-05-02 18:05:12');
INSERT INTO `payment_info` VALUES (1785974128732721154, 'order_20253870996990721661', '2024050222001433690502607433', '电脑网站支付', 'TRADE_SUCCESS', '支付成功', '2024-05-02 18:06:28', '2088722033633692', 399, 'CNY', 'CNY', '{\"appid\":\"9021000136613391\",\"outTradeNo\":\"order_20253870996990721661\",\"transactionId\":\"2024050222001433690502607433\",\"tradeType\":\"电脑网站支付\",\"tradeState\":\"TRADE_SUCCESS\",\"tradeStateDesc\":\"支付成功\",\"successTime\":\"2024-05-02 18:06:28\",\"payer\":{\"openid\":\"2088722033633692\"},\"amount\":{\"total\":399,\"payerTotal\":399,\"currency\":\"CNY\",\"payerCurrency\":\"CNY\"}}', 399, '2024-05-02 18:06:28', '2024-05-02 18:06:28');
INSERT INTO `payment_info` VALUES (1785976857379131393, 'order_91337067678299725374', '2024050222001433690502614259', '电脑网站支付', 'TRADE_SUCCESS', '支付成功', '2024-05-02 18:17:18', '2088722033633692', 99, 'CNY', 'CNY', '{\"appid\":\"9021000136613391\",\"outTradeNo\":\"order_91337067678299725374\",\"transactionId\":\"2024050222001433690502614259\",\"tradeType\":\"电脑网站支付\",\"tradeState\":\"TRADE_SUCCESS\",\"tradeStateDesc\":\"支付成功\",\"successTime\":\"2024-05-02 18:17:18\",\"payer\":{\"openid\":\"2088722033633692\"},\"amount\":{\"total\":99,\"payerTotal\":99,\"currency\":\"CNY\",\"payerCurrency\":\"CNY\"}}', 99, '2024-05-02 18:17:19', '2024-05-02 18:17:19');
INSERT INTO `payment_info` VALUES (1785978378229567489, 'order_05420208455294928693', '2024050222001433690502608709', '电脑网站支付', 'TRADE_SUCCESS', '支付成功', '2024-05-02 18:23:20', '2088722033633692', 99, 'CNY', 'CNY', '{\"appid\":\"9021000136613391\",\"outTradeNo\":\"order_05420208455294928693\",\"transactionId\":\"2024050222001433690502608709\",\"tradeType\":\"电脑网站支付\",\"tradeState\":\"TRADE_SUCCESS\",\"tradeStateDesc\":\"支付成功\",\"successTime\":\"2024-05-02 18:23:20\",\"payer\":{\"openid\":\"2088722033633692\"},\"amount\":{\"total\":99,\"payerTotal\":99,\"currency\":\"CNY\",\"payerCurrency\":\"CNY\"}}', 99, '2024-05-02 18:23:21', '2024-05-02 18:23:21');
INSERT INTO `payment_info` VALUES (1785981903202344961, 'order_60083306210946626627', '2024050222001433690502608710', '电脑网站支付', 'TRADE_SUCCESS', '支付成功', '2024-05-02 18:37:21', '2088722033633692', 99, 'CNY', 'CNY', '{\"appid\":\"9021000136613391\",\"outTradeNo\":\"order_60083306210946626627\",\"transactionId\":\"2024050222001433690502608710\",\"tradeType\":\"电脑网站支付\",\"tradeState\":\"TRADE_SUCCESS\",\"tradeStateDesc\":\"支付成功\",\"successTime\":\"2024-05-02 18:37:21\",\"payer\":{\"openid\":\"2088722033633692\"},\"amount\":{\"total\":99,\"payerTotal\":99,\"currency\":\"CNY\",\"payerCurrency\":\"CNY\"}}', 99, '2024-05-02 18:37:22', '2024-05-02 18:37:22');
INSERT INTO `payment_info` VALUES (1785982630729539586, 'order_90726246430899030329', '2024050222001433690502612344', '电脑网站支付', 'TRADE_SUCCESS', '支付成功', '2024-05-02 18:40:15', '2088722033633692', 99, 'CNY', 'CNY', '{\"appid\":\"9021000136613391\",\"outTradeNo\":\"order_90726246430899030329\",\"transactionId\":\"2024050222001433690502612344\",\"tradeType\":\"电脑网站支付\",\"tradeState\":\"TRADE_SUCCESS\",\"tradeStateDesc\":\"支付成功\",\"successTime\":\"2024-05-02 18:40:15\",\"payer\":{\"openid\":\"2088722033633692\"},\"amount\":{\"total\":99,\"payerTotal\":99,\"currency\":\"CNY\",\"payerCurrency\":\"CNY\"}}', 99, '2024-05-02 18:40:15', '2024-05-02 18:40:15');
INSERT INTO `payment_info` VALUES (1785983464699764737, 'order_60247442848389805973', '2024050222001433690502614260', '电脑网站支付', 'TRADE_SUCCESS', '支付成功', '2024-05-02 18:43:34', '2088722033633692', 99, 'CNY', 'CNY', '{\"appid\":\"9021000136613391\",\"outTradeNo\":\"order_60247442848389805973\",\"transactionId\":\"2024050222001433690502614260\",\"tradeType\":\"电脑网站支付\",\"tradeState\":\"TRADE_SUCCESS\",\"tradeStateDesc\":\"支付成功\",\"successTime\":\"2024-05-02 18:43:34\",\"payer\":{\"openid\":\"2088722033633692\"},\"amount\":{\"total\":99,\"payerTotal\":99,\"currency\":\"CNY\",\"payerCurrency\":\"CNY\"}}', 99, '2024-05-02 18:43:34', '2024-05-02 18:43:34');
INSERT INTO `payment_info` VALUES (1785986629679611906, 'order_10514799607878324130', '2024050222001433690502608711', '电脑网站支付', 'TRADE_SUCCESS', '支付成功', '2024-05-02 18:56:08', '2088722033633692', 99, 'CNY', 'CNY', '{\"appid\":\"9021000136613391\",\"outTradeNo\":\"order_10514799607878324130\",\"transactionId\":\"2024050222001433690502608711\",\"tradeType\":\"电脑网站支付\",\"tradeState\":\"TRADE_SUCCESS\",\"tradeStateDesc\":\"支付成功\",\"successTime\":\"2024-05-02 18:56:08\",\"payer\":{\"openid\":\"2088722033633692\"},\"amount\":{\"total\":99,\"payerTotal\":99,\"currency\":\"CNY\",\"payerCurrency\":\"CNY\"}}', 99, '2024-05-02 18:56:09', '2024-05-02 18:56:09');
INSERT INTO `payment_info` VALUES (1786001542447796226, 'order_16115849964891935248', '2024050222001433690502612345', '电脑网站支付', 'TRADE_SUCCESS', '支付成功', '2024-05-02 19:55:23', '2088722033633692', 99, 'CNY', 'CNY', '{\"appid\":\"9021000136613391\",\"outTradeNo\":\"order_16115849964891935248\",\"transactionId\":\"2024050222001433690502612345\",\"tradeType\":\"电脑网站支付\",\"tradeState\":\"TRADE_SUCCESS\",\"tradeStateDesc\":\"支付成功\",\"successTime\":\"2024-05-02 19:55:23\",\"payer\":{\"openid\":\"2088722033633692\"},\"amount\":{\"total\":99,\"payerTotal\":99,\"currency\":\"CNY\",\"payerCurrency\":\"CNY\"}}', 99, '2024-05-02 19:55:24', '2024-05-02 19:55:24');
INSERT INTO `payment_info` VALUES (1786376922186780674, 'order_20603395438720696818', '2024050322001433690502606182', '电脑网站支付', 'TRADE_SUCCESS', '支付成功', 'Fri May 03 10:42:08 CST 2024', NULL, 0, 'CNY', 'CNY', '{\"appid\":\"9021000136613391\",\"outTradeNo\":\"order_20603395438720696818\",\"transactionId\":\"2024050322001433690502606182\",\"tradeType\":\"电脑网站支付\",\"tradeState\":\"TRADE_SUCCESS\",\"tradeStateDesc\":\"支付成功\",\"successTime\":\"Fri May 03 10:42:08 CST 2024\",\"payer\":{},\"amount\":{\"total\":99,\"payerTotal\":0}}', 99, '2024-05-03 20:47:02', '2024-05-03 20:47:02');

-- ----------------------------
-- Table structure for product_info
-- ----------------------------
DROP TABLE IF EXISTS `product_info`;
CREATE TABLE `product_info`  (
  `id` bigint(20) NOT NULL AUTO_INCREMENT COMMENT 'id',
  `name` varchar(256) CHARACTER SET utf8mb4 COLLATE utf8mb4_general_ci NOT NULL COMMENT '产品名称',
  `description` varchar(256) CHARACTER SET utf8mb4 COLLATE utf8mb4_general_ci NULL DEFAULT NULL COMMENT '产品描述',
  `user_id` bigint(20) NULL DEFAULT NULL COMMENT '创建人',
  `total` bigint(20) NULL DEFAULT NULL COMMENT '金额(分)',
  `add_points` bigint(20) NOT NULL DEFAULT 0 COMMENT '增加积分个数',
  `product_type` varchar(256) CHARACTER SET utf8mb4 COLLATE utf8mb4_general_ci NOT NULL DEFAULT 'RECHARGE' COMMENT '产品类型（VIP-会员 RECHARGE-充值,RECHARGEACTIVITY-充值活动）',
  `status` tinyint(4) NOT NULL DEFAULT 0 COMMENT '商品状态（0- 默认下线 1- 上线）',
  `expiration_time` datetime NULL DEFAULT NULL COMMENT '过期时间',
  `create_time` datetime NOT NULL DEFAULT CURRENT_TIMESTAMP COMMENT '创建时间',
  `update_time` datetime NOT NULL DEFAULT CURRENT_TIMESTAMP COMMENT '更新时间',
  `is_delete` tinyint(4) NOT NULL DEFAULT 0 COMMENT '是否删除',
  PRIMARY KEY (`id`) USING BTREE
) ENGINE = InnoDB AUTO_INCREMENT = 1697087470134259714 CHARACTER SET = utf8mb4 COLLATE = utf8mb4_general_ci COMMENT = '商品信息表' ROW_FORMAT = Dynamic;

-- ----------------------------
-- Records of product_info
-- ----------------------------
INSERT INTO `product_info` VALUES (1695338876708544514, '100积分', '增加100积分到钱包', 1691069533871013889, 1, 100, 'RECHARGE_ACTIVITY', 1, NULL, '2023-08-26 15:34:20', '2023-08-28 12:58:30', 0);
INSERT INTO `product_info` VALUES (1695773972037839073, '666积分', '增加666积分到钱包', 1691069533871013889, 399, 666, 'RECHARGE', 1, '2023-08-28 13:01:34', '2023-08-27 20:35:34', '2023-08-27 20:41:29', 0);
INSERT INTO `product_info` VALUES (1695776766919888897, '100积分', '增加100积分到钱包', 1691069533871013889, 99, 100, 'RECHARGE', 1, NULL, '2023-08-27 20:34:21', '2023-08-27 20:34:21', 0);
INSERT INTO `product_info` VALUES (1695777072030339073, '300积分', '增加300积分到钱包', 1691069533871013889, 199, 300, 'RECHARGE', 1, NULL, '2023-08-27 20:35:34', '2023-08-27 20:41:29', 0);
INSERT INTO `product_info` VALUES (1695777203236556802, '1000积分', '增加1000积分到钱包', 1691069533871013889, 599, 1000, 'RECHARGE', 1, NULL, '2023-08-27 20:36:05', '2023-08-28 13:02:25', 0);
INSERT INTO `product_info` VALUES (1695778320091631617, '18999积分', '增加18999积分到钱包', 1691069533871013889, 999, 18999, 'RECHARGE', 1, NULL, '2023-08-27 20:40:32', '2023-08-28 13:02:42', 1);
INSERT INTO `product_info` VALUES (1697087470134259713, '10积分', '每日签到获取10积分', 1692848556158709762, 0, 10, 'RECHARGE', 0, NULL, '2023-08-31 11:22:37', '2023-08-31 11:22:37', 1);

-- ----------------------------
-- Table structure for product_order
-- ----------------------------
DROP TABLE IF EXISTS `product_order`;
CREATE TABLE `product_order`  (
  `id` bigint(20) NOT NULL AUTO_INCREMENT COMMENT 'id',
  `order_no` varchar(256) CHARACTER SET utf8mb4 COLLATE utf8mb4_general_ci NOT NULL COMMENT '订单号',
  `code_url` varchar(256) CHARACTER SET utf8mb4 COLLATE utf8mb4_general_ci NULL DEFAULT NULL COMMENT '二维码地址',
  `user_id` bigint(20) NOT NULL COMMENT '创建人',
  `product_id` bigint(20) NOT NULL COMMENT '商品id',
  `order_name` varchar(256) CHARACTER SET utf8mb4 COLLATE utf8mb4_general_ci NOT NULL COMMENT '商品名称',
  `total` bigint(20) NOT NULL COMMENT '金额(分)',
  `status` varchar(256) CHARACTER SET utf8mb4 COLLATE utf8mb4_general_ci NOT NULL DEFAULT 'NOTPAY' COMMENT '交易状态(SUCCESS：支付成功 REFUND：转入退款 NOTPAY：未支付 CLOSED：已关闭 REVOKED：已撤销（仅付款码支付会返回）\r\n                                                                              USERPAYING：用户支付中（仅付款码支付会返回）PAYERROR：支付失败（仅付款码支付会返回）)',
  `pay_type` varchar(256) CHARACTER SET utf8mb4 COLLATE utf8mb4_general_ci NOT NULL DEFAULT 'WX' COMMENT '支付方式（默认 WX- 微信 ZFB- 支付宝）',
  `product_info` text CHARACTER SET utf8mb4 COLLATE utf8mb4_general_ci NULL COMMENT '商品信息',
  `form_data` text CHARACTER SET utf8mb4 COLLATE utf8mb4_general_ci NULL COMMENT '支付宝formData',
  `add_points` bigint(20) NOT NULL DEFAULT 0 COMMENT '增加积分个数',
  `expiration_time` datetime NULL DEFAULT NULL COMMENT '过期时间',
  `create_time` datetime NOT NULL DEFAULT CURRENT_TIMESTAMP COMMENT '创建时间',
  `update_time` datetime NOT NULL DEFAULT CURRENT_TIMESTAMP ON UPDATE CURRENT_TIMESTAMP COMMENT '更新时间',
  PRIMARY KEY (`id`) USING BTREE
) ENGINE = InnoDB AUTO_INCREMENT = 1786224624955568130 CHARACTER SET = utf8mb4 COLLATE = utf8mb4_general_ci COMMENT = '商品订单表' ROW_FORMAT = Dynamic;

-- ----------------------------
-- Records of product_order
-- ----------------------------
INSERT INTO `product_order` VALUES (1785444571915108353, 'order_84588500362561146216', NULL, 1780561892755771394, 1695338876708544514, '100积分', 1, 'SUCCESS', 'ALIPAY', '{\n    \"id\": 1695338876708544514,\n    \"name\": \"100积分\",\n    \"status\": 1,\n    \"addPoints\": 100,\n    \"description\": \"增加100积分到钱包\",\n    \"userId\": 1691069533871013889,\n    \"total\": 1,\n    \"productType\": \"RECHARGE_ACTIVITY\",\n    \"createTime\": 1693035260000,\n    \"updateTime\": 1693198710000,\n    \"isDelete\": 0\n}', '<form name=\"punchout_form\" method=\"post\" action=\"https://openapi-sandbox.dl.alipaydev.com/gateway.do?charset=UTF-8&method=alipay.trade.page.pay&sign=R9aVhzdzhH15fvlSKQLbgeeB2wsLCnmMFOQsVegUnnyAb%2B%2FUh5Wpud6KmP5I40FllMoD%2FecRyXHujlt4kjdWovtEt3GwqUMilZMTQ8%2BLmvOdJn78W7mNSUj3gupa4yAvWVuv1dI5ZHdPcQS3k88XSJBqpCbDp4k8HyST0M2im5bykyfYwkHbLH7JzJmlqh9%2B8L7KX1XN3xbfezqA6pygDUr74k28g%2FApUxf0Oy4i7Y%2Bgc6MrBbXPOPjH9t8U%2BG7O%2FHLbyTibOpmoOMcp%2BPP86TNTysB9KdAhf%2F%2Bqklr8Jkkhzd6bj%2FjTapuMKxb%2F9srTiLzC0jjGFfqNw%2FB032VWrQ%3D%3D&return_url=https%3A%2F%2Fapi.suki.vin%2Frecharge%2Flist&notify_url=https%3A%2F%2Fgateway.suki.vin%2Fapi%2Fbackend%2Forder%2Fnotify%2Forder&version=1.0&app_id=9021000136613391&sign_type=RSA2&timestamp=2024-05-01+07%3A02%3A12&alipay_sdk=alipay-sdk-java-4.35.37.ALL&format=json\">\n<input type=\"hidden\" name=\"biz_content\" value=\"{&quot;body&quot;:&quot;增加100积分到钱包&quot;,&quot;out_trade_no&quot;:&quot;order_84588500362561146216&quot;,&quot;product_code&quot;:&quot;FAST_INSTANT_TRADE_PAY&quot;,&quot;subject&quot;:&quot;100积分&quot;,&quot;total_amount&quot;:&quot;0.01&quot;}\">\n<input type=\"submit\" value=\"立即支付\" style=\"display:none\" >\n</form>\n<script>document.forms[0].submit();</script>', 100, '2024-05-01 07:07:13', '2024-05-01 07:02:12', '2024-05-01 07:02:31');
INSERT INTO `product_order` VALUES (1785444960311853058, 'order_31186912040142347535', NULL, 1780561892755771394, 1695777203236556802, '1000积分', 599, 'SUCCESS', 'ALIPAY', '{\n    \"id\": 1695777203236556802,\n    \"name\": \"1000积分\",\n    \"status\": 1,\n    \"addPoints\": 1000,\n    \"description\": \"增加1000积分到钱包\",\n    \"userId\": 1691069533871013889,\n    \"total\": 599,\n    \"productType\": \"RECHARGE\",\n    \"createTime\": 1693139765000,\n    \"updateTime\": 1693198945000,\n    \"isDelete\": 0\n}', '<form name=\"punchout_form\" method=\"post\" action=\"https://openapi-sandbox.dl.alipaydev.com/gateway.do?charset=UTF-8&method=alipay.trade.page.pay&sign=HsqDolsoy%2Bkak8ehdmt3WgZQ12FiIj6aInm72p81TnukL32rgpxEtZEkCNaxi6P1vHqHvmZAwkw7QqG8%2FPnXZa6zwcinjssXYhwbhx%2BEu8s5N5WwfiRfM8s9Ixt5EVZFcdiKT0NBZdr6Gm38uwcmmZh1cJRGoEZL%2BToEF1NJmnIdekYOyHtoexKqQM0vXiXBwScS3OIeWm98jdv7oqwPCCTz4aqWQwyTFYUIw2R9Xkp7sWStmR2%2FEqJvtMCPSg5FVC8ArxgedDfoK%2F0qMezeQThIjL%2Bt8OUveJfc5iG8QCn9%2FLfUT%2Boji1VbMOH8N2k8lTysBytun3bkyWwrT6MaAQ%3D%3D&return_url=https%3A%2F%2Fapi.suki.vin%2Frecharge%2Flist&notify_url=https%3A%2F%2Fgateway.suki.vin%2Fapi%2Fbackend%2Forder%2Fnotify%2Forder&version=1.0&app_id=9021000136613391&sign_type=RSA2&timestamp=2024-05-01+07%3A03%3A45&alipay_sdk=alipay-sdk-java-4.35.37.ALL&format=json\">\n<input type=\"hidden\" name=\"biz_content\" value=\"{&quot;body&quot;:&quot;增加1000积分到钱包&quot;,&quot;out_trade_no&quot;:&quot;order_31186912040142347535&quot;,&quot;product_code&quot;:&quot;FAST_INSTANT_TRADE_PAY&quot;,&quot;subject&quot;:&quot;1000积分&quot;,&quot;total_amount&quot;:&quot;5.99&quot;}\">\n<input type=\"submit\" value=\"立即支付\" style=\"display:none\" >\n</form>\n<script>document.forms[0].submit();</script>', 1000, '2024-05-01 07:08:45', '2024-05-01 07:03:45', '2024-05-01 07:04:06');
INSERT INTO `product_order` VALUES (1785446012964716546, 'order_30386832252799803554', NULL, 1778391697438208002, 1695777203236556802, '1000积分', 599, 'SUCCESS', 'ALIPAY', '{\n    \"id\": 1695777203236556802,\n    \"name\": \"1000积分\",\n    \"status\": 1,\n    \"addPoints\": 1000,\n    \"description\": \"增加1000积分到钱包\",\n    \"userId\": 1691069533871013889,\n    \"total\": 599,\n    \"productType\": \"RECHARGE\",\n    \"createTime\": 1693139765000,\n    \"updateTime\": 1693198945000,\n    \"isDelete\": 0\n}', '<form name=\"punchout_form\" method=\"post\" action=\"https://openapi-sandbox.dl.alipaydev.com/gateway.do?charset=UTF-8&method=alipay.trade.page.pay&sign=ilPZHc%2Fk3Lxrr10hz4XWbm7BhnftCrdpOvXJwzrj5MdB8%2F%2FIkoi0LKhM9SwpwLKJuVJeMthZS%2BAks4Lu2BXRoZm6lmq7CFNyRhzXXfK%2Bs6kGmHMAeXvUyNUfGT%2Feb0hg5gHUUA1FTKA209MuNlfi%2FfwJV%2FKdpCfaUaFCh9%2B29OwjwLl64XPc%2Bxu%2FhPAF1c00DPv%2BS3JwhJSzQTir%2FDU4TAevTL%2F3df5rqXfWpMleGK%2Fyunwip9gxbyUSZx6e8iXidBYhe%2FWwegPI33F2Wiazw86yPOPSXy1PHbCJ4mGwjf1l303lmsW60tJvNKQjFkFvNNlOKBoscPAmGZ%2FASohkoA%3D%3D&return_url=https%3A%2F%2Fapi.suki.vin%2Frecharge%2Flist&notify_url=https%3A%2F%2Fgateway.suki.vin%2Fapi%2Fbackend%2Forder%2Fnotify%2Forder&version=1.0&app_id=9021000136613391&sign_type=RSA2&timestamp=2024-05-01+07%3A07%3A56&alipay_sdk=alipay-sdk-java-4.35.37.ALL&format=json\">\n<input type=\"hidden\" name=\"biz_content\" value=\"{&quot;body&quot;:&quot;增加1000积分到钱包&quot;,&quot;out_trade_no&quot;:&quot;order_30386832252799803554&quot;,&quot;product_code&quot;:&quot;FAST_INSTANT_TRADE_PAY&quot;,&quot;subject&quot;:&quot;1000积分&quot;,&quot;total_amount&quot;:&quot;5.99&quot;}\">\n<input type=\"submit\" value=\"立即支付\" style=\"display:none\" >\n</form>\n<script>document.forms[0].submit();</script>', 1000, '2024-05-01 07:12:56', '2024-05-01 07:07:56', '2024-05-01 07:09:23');
INSERT INTO `product_order` VALUES (1785788169416273921, 'order_96912275946152274963', NULL, 1780561892755771394, 1695777072030339073, '300积分', 199, 'SUCCESS', 'ALIPAY', '{\n    \"id\": 1695777072030339073,\n    \"name\": \"300积分\",\n    \"status\": 1,\n    \"addPoints\": 300,\n    \"description\": \"增加300积分到钱包\",\n    \"userId\": 1691069533871013889,\n    \"total\": 199,\n    \"productType\": \"RECHARGE\",\n    \"createTime\": 1693139734000,\n    \"updateTime\": 1693140089000,\n    \"isDelete\": 0\n}', '<form name=\"punchout_form\" method=\"post\" action=\"https://openapi-sandbox.dl.alipaydev.com/gateway.do?charset=UTF-8&method=alipay.trade.page.pay&sign=byZJGgY2kTDobq6xDCv0wXtjA1kGLqiy76kXBsHH60Zj8jQ2Pyxa4%2F4dtdbgqgFDXfNtFAoE%2BLBBtbSHjx6jjDlDMmBjDJkHxb%2FFWX%2BkLtUq%2F36HIRsd4bRE%2FJKrYhZv6rzyLLKNoztlLG4eAPAHNny2AKwLRYdi0zJc0OuFuzTnX0p80GtwoHD7LEecMoBLVqZiC5gSkljXs9nqd%2BA%2FD0I3YAFzZMOWxEHkjiC8F%2FCJmev%2B6n0mEv0KsqHmGW3pHKxw3%2BslAPknlLHQfmtgawb2AurLFmil05%2FgH1rDFYy75zCIi0aLxnMZBk6ItCpFBkXLLPpNDGhwz%2BYbilJ4VQ%3D%3D&return_url=https%3A%2F%2Fapi.suki.vin%2Frecharge%2Flist&notify_url=https%3A%2F%2Fgateway.suki.vin%2Fapi%2Fbackend%2Forder%2Fnotify%2Forder&version=1.0&app_id=9021000136613391&sign_type=RSA2&timestamp=2024-05-02+05%3A47%3A32&alipay_sdk=alipay-sdk-java-4.35.37.ALL&format=json\">\n<input type=\"hidden\" name=\"biz_content\" value=\"{&quot;body&quot;:&quot;增加300积分到钱包&quot;,&quot;out_trade_no&quot;:&quot;order_96912275946152274963&quot;,&quot;product_code&quot;:&quot;FAST_INSTANT_TRADE_PAY&quot;,&quot;subject&quot;:&quot;300积分&quot;,&quot;total_amount&quot;:&quot;1.99&quot;}\">\n<input type=\"submit\" value=\"立即支付\" style=\"display:none\" >\n</form>\n<script>document.forms[0].submit();</script>', 300, '2024-05-02 05:52:33', '2024-05-02 05:47:32', '2024-05-02 05:48:00');
INSERT INTO `product_order` VALUES (1785972805597601793, 'order_80674011120811537942', NULL, 1780561892755771394, 1695776766919888897, '100积分', 99, 'SUCCESS', 'ALIPAY', '{\n    \"id\": 1695776766919888897,\n    \"name\": \"100积分\",\n    \"status\": 1,\n    \"addPoints\": 100,\n    \"description\": \"增加100积分到钱包\",\n    \"userId\": 1691069533871013889,\n    \"total\": 99,\n    \"productType\": \"RECHARGE\",\n    \"createTime\": 1693139661000,\n    \"updateTime\": 1693139661000,\n    \"isDelete\": 0\n}', '<form name=\"punchout_form\" method=\"post\" action=\"https://openapi-sandbox.dl.alipaydev.com/gateway.do?charset=UTF-8&method=alipay.trade.page.pay&sign=ewSiphELJxT7tSMdbYB%2FHlAmt4qOHXDOySQqMi0ynCUZRZi9or%2F0qcYNJ2eRnZM2LSnnqAWZebyezwAeZspU4cocMhiTOAFpPlibWP%2FH8C0x8LmQYds5QtaNJ5WX%2BGI%2BXo49%2BIWgRT%2BavUdoRarrCI9mPM92n2gDKfB8MHxfcW2DbBJ81xQbO1JT0s1i%2Bmek81S1Cj3hTffFM5asQsHYnExrLjO%2FY6SYtjcmxToqbESU8iXbwaNVCmlYr33q2DxjO2AWjvoMEQHiTJxCn9R0ykOp8uvUDljkaAJ2O3FUSiSO8MGmruh%2BMz4FI1UhiNaDji973VNoOTNfyFpvexTp3Q%3D%3D&return_url=https%3A%2F%2Fapi.suki.vin%2Frecharge%2Flist&notify_url=https%3A%2F%2Fgateway.suki.vin%2Fapi%2Fbackend%2Forder%2Fnotify%2Forder&version=1.0&app_id=9021000136613391&sign_type=RSA2&timestamp=2024-05-02+18%3A01%3A13&alipay_sdk=alipay-sdk-java-4.35.37.ALL&format=json\">\n<input type=\"hidden\" name=\"biz_content\" value=\"{&quot;body&quot;:&quot;增加100积分到钱包&quot;,&quot;out_trade_no&quot;:&quot;order_80674011120811537942&quot;,&quot;product_code&quot;:&quot;FAST_INSTANT_TRADE_PAY&quot;,&quot;subject&quot;:&quot;100积分&quot;,&quot;total_amount&quot;:&quot;0.99&quot;}\">\n<input type=\"submit\" value=\"立即支付\" style=\"display:none\" >\n</form>\n<script>document.forms[0].submit();</script>', 100, '2024-05-02 18:06:13', '2024-05-02 18:01:13', '2024-05-02 18:05:12');
INSERT INTO `product_order` VALUES (1785974069433651202, 'order_20253870996990721661', NULL, 1780561892755771394, 1695773972037839073, '666积分', 399, 'SUCCESS', 'ALIPAY', '{\n    \"id\": 1695773972037839073,\n    \"name\": \"666积分\",\n    \"status\": 1,\n    \"addPoints\": 666,\n    \"description\": \"增加666积分到钱包\",\n    \"userId\": 1691069533871013889,\n    \"total\": 399,\n    \"productType\": \"RECHARGE\",\n    \"expirationTime\": 1693198894000,\n    \"createTime\": 1693139734000,\n    \"updateTime\": 1693140089000,\n    \"isDelete\": 0\n}', '<form name=\"punchout_form\" method=\"post\" action=\"https://openapi-sandbox.dl.alipaydev.com/gateway.do?charset=UTF-8&method=alipay.trade.page.pay&sign=MJocbw6OG%2Fya4D9kKoLEHNyoYN8UVmM%2B0E0oA%2FOrAzx9pSFUVCdxLWQYNvWzSjC1Rs6Pq2CYHR6E4UXu0VAHvi3x6V5EsBrt%2FNc4%2FwdvQVQzcgWVQHeScTph%2BLnwIyX36E%2FzApnBtijhKFG6XmLkfaAsgVuHb98i%2FuimqAoQycmXekCO7x%2BfoxVc40lvM8QEAh3oh%2Fi6n6kEsAnoWJydlijtoDwavXm662IxHMqZiYx1Lie00u3gpngv8sW7HvCEcJp3h40euhL6t7Zs%2FI3MX9xkiq8cr8egjMw5EvdYP5djDMlkTIy%2BvQ4PFDXY2Yx6SYpkl9cnV4%2FPawseuqU6kA%3D%3D&return_url=https%3A%2F%2Fapi.suki.vin%2Frecharge%2Flist&notify_url=https%3A%2F%2Fapi.suki.vin%2Fapi%2Fbackend%2Forder%2Fnotify%2Forder&version=1.0&app_id=9021000136613391&sign_type=RSA2&timestamp=2024-05-02+18%3A06%3A14&alipay_sdk=alipay-sdk-java-4.35.37.ALL&format=json\">\n<input type=\"hidden\" name=\"biz_content\" value=\"{&quot;body&quot;:&quot;增加666积分到钱包&quot;,&quot;out_trade_no&quot;:&quot;order_20253870996990721661&quot;,&quot;product_code&quot;:&quot;FAST_INSTANT_TRADE_PAY&quot;,&quot;subject&quot;:&quot;666积分&quot;,&quot;total_amount&quot;:&quot;3.99&quot;}\">\n<input type=\"submit\" value=\"立即支付\" style=\"display:none\" >\n</form>\n<script>document.forms[0].submit();</script>', 666, '2024-05-02 18:11:15', '2024-05-02 18:06:14', '2024-05-02 18:06:28');
INSERT INTO `product_order` VALUES (1785976702277963777, 'order_91337067678299725374', NULL, 1780561892755771394, 1695776766919888897, '100积分', 99, 'SUCCESS', 'ALIPAY', '{\n    \"id\": 1695776766919888897,\n    \"name\": \"100积分\",\n    \"status\": 1,\n    \"addPoints\": 100,\n    \"description\": \"增加100积分到钱包\",\n    \"userId\": 1691069533871013889,\n    \"total\": 99,\n    \"productType\": \"RECHARGE\",\n    \"createTime\": 1693139661000,\n    \"updateTime\": 1693139661000,\n    \"isDelete\": 0\n}', '<form name=\"punchout_form\" method=\"post\" action=\"https://openapi-sandbox.dl.alipaydev.com/gateway.do?charset=UTF-8&method=alipay.trade.page.pay&sign=HcIsQek7dZLQot02DHIL9CYFwc0oPFwKiI1jH2kQq6qox%2Fae%2Fpm3b9BGE8%2FwMgDK3jzAHBAXULANoZA%2FVEglvYoHrxVRMLNobeXyFHwskvnYwchvKOuAosGDqJcbp52BzJeFrHUH%2FQEVnqn8mOEHLiSdiEZiT4dNNBxXvVSRqdnWK7oM3aYr98t%2BLmzH3J81VJPmw56J2tjgx%2FCnK533p4uMDFBYONCNIiygXkdoRKnOekcxQrAgR8Nx4svU%2FqHNykOjITvCanJELFFV8AGf4UPK4bv4WU6Z7aaK122K37qFo9FUpFzpARiJbGLYCNHTA6qdV3yKgp3i%2F4MAwrqHrQ%3D%3D&return_url=https%3A%2F%2Fapi.suki.vin%2Frecharge%2Flist&notify_url=https%3A%2F%2Fapi.suki.vin%2Fapi%2Fbackend%2Forder%2Fnotify%2Forder&version=1.0&app_id=9021000136613391&sign_type=RSA2&timestamp=2024-05-02+18%3A16%3A42&alipay_sdk=alipay-sdk-java-4.35.37.ALL&format=json\">\n<input type=\"hidden\" name=\"biz_content\" value=\"{&quot;body&quot;:&quot;增加100积分到钱包&quot;,&quot;out_trade_no&quot;:&quot;order_91337067678299725374&quot;,&quot;product_code&quot;:&quot;FAST_INSTANT_TRADE_PAY&quot;,&quot;subject&quot;:&quot;100积分&quot;,&quot;total_amount&quot;:&quot;0.99&quot;}\">\n<input type=\"submit\" value=\"立即支付\" style=\"display:none\" >\n</form>\n<script>document.forms[0].submit();</script>', 100, '2024-05-02 18:21:42', '2024-05-02 18:16:42', '2024-05-02 18:17:19');
INSERT INTO `product_order` VALUES (1785978288127528961, 'order_05420208455294928693', NULL, 1780561892755771394, 1695776766919888897, '100积分', 99, 'SUCCESS', 'ALIPAY', '{\n    \"id\": 1695776766919888897,\n    \"name\": \"100积分\",\n    \"status\": 1,\n    \"addPoints\": 100,\n    \"description\": \"增加100积分到钱包\",\n    \"userId\": 1691069533871013889,\n    \"total\": 99,\n    \"productType\": \"RECHARGE\",\n    \"createTime\": 1693139661000,\n    \"updateTime\": 1693139661000,\n    \"isDelete\": 0\n}', '<form name=\"punchout_form\" method=\"post\" action=\"https://openapi-sandbox.dl.alipaydev.com/gateway.do?charset=UTF-8&method=alipay.trade.page.pay&sign=BxsBagZjz9wymYwOateu%2Bsr%2Fe5v0LGoTcBarmKtgJn6zGKhekAv9HxUOSKNZwAyBgTQjIaCfpjPTJ0bt1N6fnyvr7pArsP0D79w72OSIjqjRp6SpFvre3uOds0cvXRvJ0tw2orF3w2RYSKIAKwikx5pfYnhFTcjkE8TemHNb10GpmZouf39%2B4xtnrGM5pnVe9Ztpj%2FBzo9LghZszKpxROMfNtSML5Um5VvJGRhFoQ7GlqjwreVtSVw%2BJl%2BtwIaXyzYfklVbAphhRyZNvDd6vp4a590X3gCoMXToWz%2FfUNJvLdHlJT5NtHKLfmfTIQU%2FeknmPStmtmRBncCLbmQAqQg%3D%3D&return_url=https%3A%2F%2Fapi.suki.vin%2Frecharge%2Flist&notify_url=https%3A%2F%2Fapi.suki.vin%2Fapi%2Fbackend%2Forder%2Fnotify%2Forder&version=1.0&app_id=9021000136613391&sign_type=RSA2&timestamp=2024-05-02+18%3A23%3A00&alipay_sdk=alipay-sdk-java-4.35.37.ALL&format=json\">\n<input type=\"hidden\" name=\"biz_content\" value=\"{&quot;body&quot;:&quot;增加100积分到钱包&quot;,&quot;out_trade_no&quot;:&quot;order_05420208455294928693&quot;,&quot;product_code&quot;:&quot;FAST_INSTANT_TRADE_PAY&quot;,&quot;subject&quot;:&quot;100积分&quot;,&quot;total_amount&quot;:&quot;0.99&quot;}\">\n<input type=\"submit\" value=\"立即支付\" style=\"display:none\" >\n</form>\n<script>document.forms[0].submit();</script>', 100, '2024-05-02 18:28:00', '2024-05-02 18:23:00', '2024-05-02 18:23:21');
INSERT INTO `product_order` VALUES (1785981838840750082, 'order_60083306210946626627', NULL, 1780561892755771394, 1695776766919888897, '100积分', 99, 'SUCCESS', 'ALIPAY', '{\n    \"id\": 1695776766919888897,\n    \"name\": \"100积分\",\n    \"status\": 1,\n    \"addPoints\": 100,\n    \"description\": \"增加100积分到钱包\",\n    \"userId\": 1691069533871013889,\n    \"total\": 99,\n    \"productType\": \"RECHARGE\",\n    \"createTime\": 1693139661000,\n    \"updateTime\": 1693139661000,\n    \"isDelete\": 0\n}', '<form name=\"punchout_form\" method=\"post\" action=\"https://openapi-sandbox.dl.alipaydev.com/gateway.do?charset=UTF-8&method=alipay.trade.page.pay&sign=AsCQI1UObiPHZcRVe%2FOivQavxwBJwRaD0yWRKaGcTQDFsKohkjA3O2yopSVCtMsJot6L1AyxmukIhFrYG4T%2BlwF1kBUD6Bdqp23YmONTBKoQ%2FuNM20zaIhC%2FuHSefUtZui7n3CgsytQCKClMCpNIi7DTYBervVpcBCQn9TGNr%2B5MSJ%2B8m5ZQjwibOrtnxdQVUHbLnOdnHJ9sfVSoWLV4u1RZzlwaVpovpT%2B0HqWNjZwvrqmhkAkGzg4itB%2BnJyieOKresS43BpGw93BkA7IHrNaCHnNtgqf0Oxt5bvzCyaJGtChLowADDdPAEEaWKQqw3BYsPc3aHPm3fb0ORSAn6g%3D%3D&return_url=https%3A%2F%2Fapi.suki.vin%2Frecharge%2Flist&notify_url=https%3A%2F%2Fapi.suki.vin%2Fapi%2Fbackend%2Forder%2Fnotify%2Forder&version=1.0&app_id=9021000136613391&sign_type=RSA2&timestamp=2024-05-02+18%3A37%3A07&alipay_sdk=alipay-sdk-java-4.35.37.ALL&format=json\">\n<input type=\"hidden\" name=\"biz_content\" value=\"{&quot;body&quot;:&quot;增加100积分到钱包&quot;,&quot;out_trade_no&quot;:&quot;order_60083306210946626627&quot;,&quot;product_code&quot;:&quot;FAST_INSTANT_TRADE_PAY&quot;,&quot;subject&quot;:&quot;100积分&quot;,&quot;total_amount&quot;:&quot;0.99&quot;}\">\n<input type=\"submit\" value=\"立即支付\" style=\"display:none\" >\n</form>\n<script>document.forms[0].submit();</script>', 100, '2024-05-02 18:42:07', '2024-05-02 18:37:06', '2024-05-02 18:37:22');
INSERT INTO `product_order` VALUES (1785982570537082882, 'order_90726246430899030329', NULL, 1780561892755771394, 1695776766919888897, '100积分', 99, 'SUCCESS', 'ALIPAY', '{\n    \"id\": 1695776766919888897,\n    \"name\": \"100积分\",\n    \"status\": 1,\n    \"addPoints\": 100,\n    \"description\": \"增加100积分到钱包\",\n    \"userId\": 1691069533871013889,\n    \"total\": 99,\n    \"productType\": \"RECHARGE\",\n    \"createTime\": 1693139661000,\n    \"updateTime\": 1693139661000,\n    \"isDelete\": 0\n}', '<form name=\"punchout_form\" method=\"post\" action=\"https://openapi-sandbox.dl.alipaydev.com/gateway.do?charset=UTF-8&method=alipay.trade.page.pay&sign=q28sG7jVlJuujz3%2FKnnu5grK21yoNZf%2FtrKrxxp8w9hnTYiSGZaU4q4%2FKp3ch9ZC13d34qlQfOWYTgyGI5IeT%2Bgy23MswjHAFJ%2FIIGZvXSWg4dr7fHan5pu8qoQdLqRK%2F8L%2BiHCnjJStQzryunDJs6qIPT%2FCbKIjeD5%2FO0rt8%2F3swsRHdUXFaNQV%2FislNCr%2FqR0bA7Sp%2BMrcwNtcpCB03U6ypg447AP3BC9C1BCf1SjASxmYYTuIBcpxZ0qEmOe4xS3GJCjnhvs%2BUXfC%2BqBtjpLGrSYESk%2BWTjqqlq%2Ft43gHURdt%2Fgp8g6mOgoLmGT0rJOCxirtt6OQT7j4olJwDRg%3D%3D&return_url=https%3A%2F%2Fapi.suki.vin%2Frecharge%2Flist&notify_url=https%3A%2F%2Fapi.suki.vin%2Fapi%2Fbackend%2Forder%2Fnotify%2Forder&version=1.0&app_id=9021000136613391&sign_type=RSA2&timestamp=2024-05-02+18%3A40%3A01&alipay_sdk=alipay-sdk-java-4.35.37.ALL&format=json\">\n<input type=\"hidden\" name=\"biz_content\" value=\"{&quot;body&quot;:&quot;增加100积分到钱包&quot;,&quot;out_trade_no&quot;:&quot;order_90726246430899030329&quot;,&quot;product_code&quot;:&quot;FAST_INSTANT_TRADE_PAY&quot;,&quot;subject&quot;:&quot;100积分&quot;,&quot;total_amount&quot;:&quot;0.99&quot;}\">\n<input type=\"submit\" value=\"立即支付\" style=\"display:none\" >\n</form>\n<script>document.forms[0].submit();</script>', 100, '2024-05-02 18:45:01', '2024-05-02 18:40:01', '2024-05-02 18:40:15');
INSERT INTO `product_order` VALUES (1785983391827927041, 'order_60247442848389805973', NULL, 1780561892755771394, 1695776766919888897, '100积分', 99, 'SUCCESS', 'ALIPAY', '{\n    \"id\": 1695776766919888897,\n    \"name\": \"100积分\",\n    \"status\": 1,\n    \"addPoints\": 100,\n    \"description\": \"增加100积分到钱包\",\n    \"userId\": 1691069533871013889,\n    \"total\": 99,\n    \"productType\": \"RECHARGE\",\n    \"createTime\": 1693139661000,\n    \"updateTime\": 1693139661000,\n    \"isDelete\": 0\n}', '<form name=\"punchout_form\" method=\"post\" action=\"https://openapi-sandbox.dl.alipaydev.com/gateway.do?charset=UTF-8&method=alipay.trade.page.pay&sign=nxACmIu96f4L%2FidfHq4aghoIVeqyq9Hq%2FHUE16gX6tTEmF8LCMzvqJS1o033EElJHmrZYupHqVp5gGZaL18dS9BjgUC2zdYyTDjC6AbO%2BnN3e8RnzKzPcB7E3vO%2FdOjBIl%2Ba2vba5NKrPG8%2BpjmhCzNAI%2FxVoBqi1K7mEKyuQ8JH5FQhcbRoF0hEK0F8tzx84UUJYBGoe5Y%2BGAeGqoT6MDE8O1LT5AvWHH4TZjQ8MpIhosbQhFDGD7%2F1Gi5VIUtJCapgtUkr5SEINzy%2F4LYU4Jh5Ar8AbhNyLHzpM05wuD7cq0FJ%2BVVqHRhC2Z3AojOEHzaRlv6M3kEy2YUrWKzAxA%3D%3D&return_url=https%3A%2F%2Fapi.suki.vin%2Frecharge%2Flist&notify_url=https%3A%2F%2Fapi.suki.vin%2Fapi%2Fbackend%2Forder%2Fnotify%2Forder&version=1.0&app_id=9021000136613391&sign_type=RSA2&timestamp=2024-05-02+18%3A43%3A17&alipay_sdk=alipay-sdk-java-4.35.37.ALL&format=json\">\n<input type=\"hidden\" name=\"biz_content\" value=\"{&quot;body&quot;:&quot;增加100积分到钱包&quot;,&quot;out_trade_no&quot;:&quot;order_60247442848389805973&quot;,&quot;product_code&quot;:&quot;FAST_INSTANT_TRADE_PAY&quot;,&quot;subject&quot;:&quot;100积分&quot;,&quot;total_amount&quot;:&quot;0.99&quot;}\">\n<input type=\"submit\" value=\"立即支付\" style=\"display:none\" >\n</form>\n<script>document.forms[0].submit();</script>', 100, '2024-05-02 18:48:17', '2024-05-02 18:43:17', '2024-05-02 18:43:34');
INSERT INTO `product_order` VALUES (1785986517821718529, 'order_10514799607878324130', NULL, 1780561892755771394, 1695776766919888897, '100积分', 99, 'SUCCESS', 'ALIPAY', '{\n    \"id\": 1695776766919888897,\n    \"name\": \"100积分\",\n    \"status\": 1,\n    \"addPoints\": 100,\n    \"description\": \"增加100积分到钱包\",\n    \"userId\": 1691069533871013889,\n    \"total\": 99,\n    \"productType\": \"RECHARGE\",\n    \"createTime\": 1693139661000,\n    \"updateTime\": 1693139661000,\n    \"isDelete\": 0\n}', '<form name=\"punchout_form\" method=\"post\" action=\"https://openapi-sandbox.dl.alipaydev.com/gateway.do?charset=UTF-8&method=alipay.trade.page.pay&sign=VlicfeAyRDrg%2FE1x8xBl2VMe0I7kcQ14qZxF0cm34hVYmoDrIMfNM6lxk5uatItgOA%2Fn3o%2FOFXvz3WITiRhwjeeOaAMhNk5o1LRkCJ1eYSu5aJN7iGLPlBt7CHGiMYvkMo595Mqko%2BNvcctv0x5VF65TdSOBfm5U6O%2B7rt0e08IIbXFApUj3ksh%2Bo1DKC3Z1VRAFKSb4U8Hs0FO%2Bg0aZlHjlqnKfVDJoFb6dTo8UYE9r8JdX8BsJekBw8Vzym84cWBOCKYuPlyVZbKQo81Y%2FvC1VpM0GOdM5Z%2BeRRuaDZGR%2BrDAE2yaB4e9Ly40GkRS0WBgl1Lha%2B2VD36ryE%2F45%2FQ%3D%3D&return_url=https%3A%2F%2Fapi.suki.vin%2Frecharge%2Flist&notify_url=https%3A%2F%2Fapi.suki.vin%2Fapi%2Fbackend%2Forder%2Fnotify%2Forder&version=1.0&app_id=9021000136613391&sign_type=RSA2&timestamp=2024-05-02+18%3A55%3A42&alipay_sdk=alipay-sdk-java-4.35.37.ALL&format=json\">\n<input type=\"hidden\" name=\"biz_content\" value=\"{&quot;body&quot;:&quot;增加100积分到钱包&quot;,&quot;out_trade_no&quot;:&quot;order_10514799607878324130&quot;,&quot;product_code&quot;:&quot;FAST_INSTANT_TRADE_PAY&quot;,&quot;subject&quot;:&quot;100积分&quot;,&quot;total_amount&quot;:&quot;0.99&quot;}\">\n<input type=\"submit\" value=\"立即支付\" style=\"display:none\" >\n</form>\n<script>document.forms[0].submit();</script>', 100, '2024-05-02 19:00:42', '2024-05-02 18:55:42', '2024-05-02 18:56:09');
INSERT INTO `product_order` VALUES (1786001437942517761, 'order_16115849964891935248', NULL, 1778391697438208002, 1695776766919888897, '100积分', 99, 'SUCCESS', 'ALIPAY', '{\n    \"id\": 1695776766919888897,\n    \"name\": \"100积分\",\n    \"status\": 1,\n    \"addPoints\": 100,\n    \"description\": \"增加100积分到钱包\",\n    \"userId\": 1691069533871013889,\n    \"total\": 99,\n    \"productType\": \"RECHARGE\",\n    \"createTime\": 1693139661000,\n    \"updateTime\": 1693139661000,\n    \"isDelete\": 0\n}', '<form name=\"punchout_form\" method=\"post\" action=\"https://openapi-sandbox.dl.alipaydev.com/gateway.do?charset=UTF-8&method=alipay.trade.page.pay&sign=TF73JqFYzGgrLkbPftxFWRNhib%2Fa9LgQNd6dKNbdn0LwQGDLSggDdsUNsn5eGxKl1P%2BAhWc29EFxQDt9Zl7QmVkmBGYoO0091flEle5vUQpL2w0LXb1HJPTTX3ahDSrUgdBPBvTDCdn499wAxkMy1MIznqg6tyFcaTRZD5GxRexShynQ%2FhSwwC6vg69tCPMpWqqxfqjv82QdBNEPZ2szWUmfq3ixQ%2FMFxakA376Td%2BsXa%2B%2BmXCUXdeFdzXERcebYKyTdwJ%2Bx4yxBgGTcZ87l%2FI4V88cdpJFOlb0tSEIUQnrIgJjuiRLE2t57kwiPGcCdBnZ73qWDP1HFKB02RlwqRQ%3D%3D&return_url=https%3A%2F%2Fapi.suki.vin%2Frecharge%2Flist&notify_url=https%3A%2F%2Fapi.suki.vin%2Fapi%2Fbackend%2Forder%2Fnotify%2Forder&version=1.0&app_id=9021000136613391&sign_type=RSA2&timestamp=2024-05-02+19%3A54%3A59&alipay_sdk=alipay-sdk-java-4.35.37.ALL&format=json\">\n<input type=\"hidden\" name=\"biz_content\" value=\"{&quot;body&quot;:&quot;增加100积分到钱包&quot;,&quot;out_trade_no&quot;:&quot;order_16115849964891935248&quot;,&quot;product_code&quot;:&quot;FAST_INSTANT_TRADE_PAY&quot;,&quot;subject&quot;:&quot;100积分&quot;,&quot;total_amount&quot;:&quot;0.99&quot;}\">\n<input type=\"submit\" value=\"立即支付\" style=\"display:none\" >\n</form>\n<script>document.forms[0].submit();</script>', 100, '2024-05-02 20:00:00', '2024-05-02 19:54:59', '2024-05-02 19:55:24');
INSERT INTO `product_order` VALUES (1786036747615330305, 'order_09999488315947376088', NULL, 1780561892755771394, 1695777072030339073, '300积分', 199, 'CLOSED', 'ALIPAY', '{\n    \"id\": 1695777072030339073,\n    \"name\": \"300积分\",\n    \"status\": 1,\n    \"addPoints\": 300,\n    \"description\": \"增加300积分到钱包\",\n    \"userId\": 1691069533871013889,\n    \"total\": 199,\n    \"productType\": \"RECHARGE\",\n    \"createTime\": 1693139734000,\n    \"updateTime\": 1693140089000,\n    \"isDelete\": 0\n}', '<form name=\"punchout_form\" method=\"post\" action=\"https://openapi-sandbox.dl.alipaydev.com/gateway.do?charset=UTF-8&method=alipay.trade.page.pay&sign=ZlHcqF1Lu9d4nf1sGVsvvFXpRcMNBXpXAwyS%2BdAlisXhbGLU1fSWC48Vk6O%2F6w4gG0G4Y%2FfoJQhpqRUEKH%2FxymO0u9NKCJmZA3ZJVuIDVCb8ObXqnfxRacWvQchtmD96CKL3gUQoxeHohWyBM6X%2FG31ExLFzFibJ%2B7MymXG6yhP6MbcQ3BVj%2F5Yo54BoQ%2FVI6mtYdh1o39g2RwokRqJ%2FUb776CiprKLL8HKIc23YpEj9ETFwPu%2FVuQPmwQ9RNClUE6HnYRT8QipoWjYZJw6mX6HA%2FDHAWdc8MykOunTKItAOme0bZOcRS5MZV9vPGg3rfLUd5bVhsVAkA3hwBBomxw%3D%3D&return_url=https%3A%2F%2Fapi.suki.vin%2Frecharge%2Flist&notify_url=https%3A%2F%2Fapi.suki.vin%2Fapi%2Fbackend%2Forder%2Fnotify%2Forder&version=1.0&app_id=9021000136613391&sign_type=RSA2&timestamp=2024-05-02+22%3A15%3A18&alipay_sdk=alipay-sdk-java-4.35.37.ALL&format=json\">\n<input type=\"hidden\" name=\"biz_content\" value=\"{&quot;body&quot;:&quot;增加300积分到钱包&quot;,&quot;out_trade_no&quot;:&quot;order_09999488315947376088&quot;,&quot;product_code&quot;:&quot;FAST_INSTANT_TRADE_PAY&quot;,&quot;subject&quot;:&quot;300积分&quot;,&quot;total_amount&quot;:&quot;1.99&quot;}\">\n<input type=\"submit\" value=\"立即支付\" style=\"display:none\" >\n</form>\n<script>document.forms[0].submit();</script>', 300, '2024-05-02 22:20:18', '2024-05-02 22:15:18', '2024-05-02 22:20:20');
INSERT INTO `product_order` VALUES (1786038937377562625, 'order_85356976546819906715', NULL, 1780561892755771394, 1695776766919888897, '100积分', 99, 'CLOSED', 'ALIPAY', '{\n    \"id\": 1695776766919888897,\n    \"name\": \"100积分\",\n    \"status\": 1,\n    \"addPoints\": 100,\n    \"description\": \"增加100积分到钱包\",\n    \"userId\": 1691069533871013889,\n    \"total\": 99,\n    \"productType\": \"RECHARGE\",\n    \"createTime\": 1693139661000,\n    \"updateTime\": 1693139661000,\n    \"isDelete\": 0\n}', '<form name=\"punchout_form\" method=\"post\" action=\"https://openapi-sandbox.dl.alipaydev.com/gateway.do?charset=UTF-8&method=alipay.trade.page.pay&sign=Au2WZE%2FinxxTYH1JmsjQxUeruEdlLjRvXFjBGaBrE2%2BTz9mkRpp%2B3F5ZVBL1dVjdQCX%2Blx43j1v%2FPQBDEMqzTOsSKWLCSAsMfr%2BlkuXnOSMhS7b2sKIWSz0qE2XORujWO9Iwr54fR9K5dTlUSF4bXR4V3xYMOVbHbVXhZOZ3DzwNYVQ3yEayQGZJcGO7qdZ9bAj0Mt7DDn1gXRcwZXwLEH%2BjzWLX%2FpDAOEJF1EozpIVXkp7FnRb%2FS2QDEy1rtQAbU%2BXWO4o5o43G0Mft2Y%2B29GHTB%2F3%2FfIz3yAK1cqjMbXC1OhulPizw6%2FBDOvsXuVS23g5yR3g8OJp6BMXsPosfNw%3D%3D&return_url=https%3A%2F%2Fapi.suki.vin%2Frecharge%2Flist&notify_url=https%3A%2F%2Fapi.suki.vin%2Fapi%2Fbackend%2Forder%2Fnotify%2Forder&version=1.0&app_id=9021000136613391&sign_type=RSA2&timestamp=2024-05-02+22%3A24%3A00&alipay_sdk=alipay-sdk-java-4.35.37.ALL&format=json\">\n<input type=\"hidden\" name=\"biz_content\" value=\"{&quot;body&quot;:&quot;增加100积分到钱包&quot;,&quot;out_trade_no&quot;:&quot;order_85356976546819906715&quot;,&quot;product_code&quot;:&quot;FAST_INSTANT_TRADE_PAY&quot;,&quot;subject&quot;:&quot;100积分&quot;,&quot;total_amount&quot;:&quot;0.99&quot;}\">\n<input type=\"submit\" value=\"立即支付\" style=\"display:none\" >\n</form>\n<script>document.forms[0].submit();</script>', 100, '2024-05-02 22:29:00', '2024-05-02 22:24:00', '2024-05-02 22:29:20');
INSERT INTO `product_order` VALUES (1786224624955568129, 'order_20603395438720696818', NULL, 1780561892755771394, 1695776766919888897, '100积分', 99, 'SUCCESS', 'ALIPAY', '{\n    \"id\": 1695776766919888897,\n    \"name\": \"100积分\",\n    \"status\": 1,\n    \"addPoints\": 100,\n    \"description\": \"增加100积分到钱包\",\n    \"userId\": 1691069533871013889,\n    \"total\": 99,\n    \"productType\": \"RECHARGE\",\n    \"createTime\": 1693139661000,\n    \"updateTime\": 1693139661000,\n    \"isDelete\": 0\n}', '<form name=\"punchout_form\" method=\"post\" action=\"https://openapi-sandbox.dl.alipaydev.com/gateway.do?charset=UTF-8&method=alipay.trade.page.pay&sign=aT2AUIxpD2yDA1gnIginYfZU76fQc4uGjtgTXIBMOVoRLbNJXjDFZeHYZUiWJlFxw520dzvXW3zRVAqvVmJh7d20iYPnxibTJgQCnqlNl6fDb5dRK2l%2Ff9qk86d%2FIx4Kjc2NndsqAHko5Mv96bJMGjrqZH0GaCBPdxq4fGQkvzWHD%2BJI9Le1pSDan2PAIOpjJH30%2FxScH6uCTapwO%2F6c%2FIZhRYF0LKnt42xLITUDBm4Jv5%2BCCSDC1f%2F%2FyU%2F7fnagNpXhLXelo7JFl1u5pogkUzhBYdp%2Br1hA%2F%2BsNnN%2F%2F8HSr4jz%2FYieLvBNFoCZ4l7oZz09%2B02EQ4ZhgUioNau3GMQ%3D%3D&return_url=https%3A%2F%2Fapi.suki.vin%2Frecharge%2Flist&notify_url=https%3A%2F%2Fapi.suki.vin%2Fapi%2Fbackend%2Forder%2Fnotify%2Forder&version=1.0&app_id=9021000136613391&sign_type=RSA2&timestamp=2024-05-03+10%3A41%3A51&alipay_sdk=alipay-sdk-java-4.35.37.ALL&format=json\">\n<input type=\"hidden\" name=\"biz_content\" value=\"{&quot;body&quot;:&quot;增加100积分到钱包&quot;,&quot;out_trade_no&quot;:&quot;order_20603395438720696818&quot;,&quot;product_code&quot;:&quot;FAST_INSTANT_TRADE_PAY&quot;,&quot;subject&quot;:&quot;100积分&quot;,&quot;total_amount&quot;:&quot;0.99&quot;}\">\n<input type=\"submit\" value=\"立即支付\" style=\"display:none\" >\n</form>\n<script>document.forms[0].submit();</script>', 100, '2024-05-03 10:46:52', '2024-05-03 10:41:51', '2024-05-03 20:47:01');

-- ----------------------------
-- Table structure for recharge_activity
-- ----------------------------
DROP TABLE IF EXISTS `recharge_activity`;
CREATE TABLE `recharge_activity`  (
  `id` bigint(20) NOT NULL AUTO_INCREMENT COMMENT 'id',
  `user_id` bigint(20) NOT NULL COMMENT '用户id',
  `product_id` bigint(20) NOT NULL COMMENT '商品id',
  `order_no` varchar(256) CHARACTER SET utf8mb4 COLLATE utf8mb4_general_ci NULL DEFAULT NULL COMMENT '商户订单号',
  `create_time` datetime NOT NULL DEFAULT CURRENT_TIMESTAMP COMMENT '创建时间',
  `update_time` datetime NOT NULL DEFAULT CURRENT_TIMESTAMP ON UPDATE CURRENT_TIMESTAMP COMMENT '更新时间',
  `is_delete` tinyint(4) NOT NULL DEFAULT 0 COMMENT '是否删除',
  PRIMARY KEY (`id`) USING BTREE
) ENGINE = InnoDB AUTO_INCREMENT = 1786376922492964866 CHARACTER SET = utf8mb4 COLLATE = utf8mb4_general_ci COMMENT = '充值活动表' ROW_FORMAT = Dynamic;

-- ----------------------------
-- Records of recharge_activity
-- ----------------------------
INSERT INTO `recharge_activity` VALUES (1785444653150388225, 1780561892755771394, 1695338876708544514, 'order_84588500362561146216', '2024-05-01 07:02:31', '2024-05-01 07:02:31', 0);
INSERT INTO `recharge_activity` VALUES (1785445049172377601, 1780561892755771394, 1695777203236556802, 'order_31186912040142347535', '2024-05-01 07:04:06', '2024-05-01 07:04:06', 0);
INSERT INTO `recharge_activity` VALUES (1785446379106484226, 1778391697438208002, 1695777203236556802, 'order_30386832252799803554', '2024-05-01 07:09:23', '2024-05-01 07:09:23', 0);
INSERT INTO `recharge_activity` VALUES (1785788287158775810, 1780561892755771394, 1695777072030339073, 'order_96912275946152274963', '2024-05-02 05:48:00', '2024-05-02 05:48:00', 0);
INSERT INTO `recharge_activity` VALUES (1785973810485710850, 1780561892755771394, 1695776766919888897, 'order_80674011120811537942', '2024-05-02 18:05:12', '2024-05-02 18:05:12', 0);
INSERT INTO `recharge_activity` VALUES (1785974128787247106, 1780561892755771394, 1695773972037839073, 'order_20253870996990721661', '2024-05-02 18:06:28', '2024-05-02 18:06:28', 0);
INSERT INTO `recharge_activity` VALUES (1785976857433657346, 1780561892755771394, 1695776766919888897, 'order_91337067678299725374', '2024-05-02 18:17:19', '2024-05-02 18:17:19', 0);
INSERT INTO `recharge_activity` VALUES (1785978378279899138, 1780561892755771394, 1695776766919888897, 'order_05420208455294928693', '2024-05-02 18:23:21', '2024-05-02 18:23:21', 0);
INSERT INTO `recharge_activity` VALUES (1785981903252676609, 1780561892755771394, 1695776766919888897, 'order_60083306210946626627', '2024-05-02 18:37:22', '2024-05-02 18:37:22', 0);
INSERT INTO `recharge_activity` VALUES (1785982630784065537, 1780561892755771394, 1695776766919888897, 'order_90726246430899030329', '2024-05-02 18:40:15', '2024-05-02 18:40:15', 0);
INSERT INTO `recharge_activity` VALUES (1785983464758484993, 1780561892755771394, 1695776766919888897, 'order_60247442848389805973', '2024-05-02 18:43:34', '2024-05-02 18:43:34', 0);
INSERT INTO `recharge_activity` VALUES (1785986629763497985, 1780561892755771394, 1695776766919888897, 'order_10514799607878324130', '2024-05-02 18:56:09', '2024-05-02 18:56:09', 0);
INSERT INTO `recharge_activity` VALUES (1786001542611374082, 1778391697438208002, 1695776766919888897, 'order_16115849964891935248', '2024-05-02 19:55:24', '2024-05-02 19:55:24', 0);
INSERT INTO `recharge_activity` VALUES (1786376922492964865, 1780561892755771394, 1695776766919888897, 'order_20603395438720696818', '2024-05-03 20:47:02', '2024-05-03 20:47:02', 0);

-- ----------------------------
-- Table structure for user
-- ----------------------------
DROP TABLE IF EXISTS `user`;
CREATE TABLE `user`  (
  `id` bigint(20) NOT NULL AUTO_INCREMENT COMMENT 'id',
  `username` varchar(256) CHARACTER SET utf8mb4 COLLATE utf8mb4_general_ci NULL DEFAULT NULL COMMENT '用户昵称',
  `user_account` varchar(256) CHARACTER SET utf8mb4 COLLATE utf8mb4_general_ci NOT NULL COMMENT '账号',
  `user_avatar` varchar(1024) CHARACTER SET utf8mb4 COLLATE utf8mb4_general_ci NULL DEFAULT NULL COMMENT '用户头像',
  `email` varchar(256) CHARACTER SET utf8mb4 COLLATE utf8mb4_general_ci NULL DEFAULT NULL COMMENT '邮箱',
  `gender` varchar(10) CHARACTER SET utf8mb4 COLLATE utf8mb4_general_ci NULL DEFAULT NULL COMMENT '性别 0-男 1-女',
  `user_role` varchar(256) CHARACTER SET utf8mb4 COLLATE utf8mb4_general_ci NOT NULL DEFAULT 'user' COMMENT '用户角色：user / admin',
  `user_password` varchar(512) CHARACTER SET utf8mb4 COLLATE utf8mb4_general_ci NULL DEFAULT NULL COMMENT '密码',
  `access_key` varchar(256) CHARACTER SET utf8mb4 COLLATE utf8mb4_general_ci NULL DEFAULT NULL COMMENT 'accessKey',
  `secret_key` varchar(256) CHARACTER SET utf8mb4 COLLATE utf8mb4_general_ci NULL DEFAULT NULL COMMENT 'secretKey',
  `balance` bigint(20) NOT NULL DEFAULT 30 COMMENT '钱包余额,注册送30币',
  `invitation_code` varchar(256) CHARACTER SET utf8mb4 COLLATE utf8mb4_general_ci NULL DEFAULT NULL COMMENT '邀请码',
  `status` tinyint(4) NOT NULL DEFAULT 0 COMMENT '账号状态（0- 正常 1- 封号）',
  `create_time` datetime NOT NULL DEFAULT CURRENT_TIMESTAMP COMMENT '创建时间',
  `update_time` datetime NOT NULL DEFAULT CURRENT_TIMESTAMP ON UPDATE CURRENT_TIMESTAMP COMMENT '更新时间',
  `is_delete` tinyint(4) NOT NULL DEFAULT 0 COMMENT '是否删除',
  PRIMARY KEY (`id`) USING BTREE,
  UNIQUE INDEX `uni_userAccount`(`user_account`) USING BTREE
) ENGINE = InnoDB AUTO_INCREMENT = 1785596441988091906 CHARACTER SET = utf8mb4 COLLATE = utf8mb4_general_ci COMMENT = '用户表' ROW_FORMAT = Dynamic;

-- ----------------------------
-- Records of user
-- ----------------------------
INSERT INTO `user` VALUES (1778391697438208002, '秋刀鱼', '363563768@qq.com', 'https://api-1320989886.cos.ap-chongqing.myqcloud.com/user_avatar/1778391697438208002/vbxMNkEa-头像.jpg', '363563768@qq.com', '0', 'user', NULL, 'bdfc150f7a45edac259670155e2771f0', '17aebcf4ac8f40b4edcc2f5e44499bd4', 1159, 'g2GQW07T', 0, '2024-04-11 19:56:36', '2024-05-03 01:41:17', 0);
INSERT INTO `user` VALUES (1780561892755771394, '管理员', 'zxcvbnm', 'https://api-1320989886.cos.ap-chongqing.myqcloud.com/user_avatar/1780561892755771394/jfeUB7BM-bz_04.jpg', '3313634052@qq.com', '1', 'admin', '1316d082005b9884d97ab4443f1903c5', '7fb46092ec185365baa33be38aa03db6', '518e2097602c8858f1c4b2164cd37802', 2276, 'LKXfPkwU', 0, '2024-04-17 19:40:11', '2024-05-03 23:23:45', 0);

-- ----------------------------
-- Table structure for user_interface_invoke
-- ----------------------------
DROP TABLE IF EXISTS `user_interface_invoke`;
CREATE TABLE `user_interface_invoke`  (
  `id` bigint(20) NOT NULL AUTO_INCREMENT COMMENT 'id',
  `user_id` bigint(20) NOT NULL COMMENT '调用人id',
  `interface_id` bigint(20) NOT NULL COMMENT '接口id',
  `total_invokes` bigint(20) NOT NULL DEFAULT 0 COMMENT '总调用次数',
  `status` tinyint(4) NOT NULL DEFAULT 0 COMMENT '调用状态（0- 正常 1- 封号）',
  `create_time` datetime NOT NULL DEFAULT CURRENT_TIMESTAMP COMMENT '创建时间',
  `update_time` datetime NOT NULL DEFAULT CURRENT_TIMESTAMP ON UPDATE CURRENT_TIMESTAMP COMMENT '更新时间',
  `is_delete` tinyint(4) NOT NULL DEFAULT 0 COMMENT '是否删除',
  PRIMARY KEY (`id`) USING BTREE
) ENGINE = InnoDB AUTO_INCREMENT = 1785596559457964035 CHARACTER SET = utf8mb4 COLLATE = utf8mb4_general_ci COMMENT = '用户接口调用表' ROW_FORMAT = Dynamic;

-- ----------------------------
-- Records of user_interface_invoke
-- ----------------------------
INSERT INTO `user_interface_invoke` VALUES (1778393228338225153, 1778391697438208002, 1705234447153963010, 58, 0, '2024-04-11 20:02:41', '2024-05-03 01:39:56', 0);
INSERT INTO `user_interface_invoke` VALUES (1778393283065503745, 1778391697438208002, 1705239469589733378, 29, 0, '2024-04-11 20:02:54', '2024-05-03 01:40:15', 0);
INSERT INTO `user_interface_invoke` VALUES (1778395509863444481, 1778391697438208002, 1705237990061580289, 28, 0, '2024-04-11 20:11:45', '2024-05-02 02:51:09', 0);
INSERT INTO `user_interface_invoke` VALUES (1778396016451481602, 1778391697438208002, 1705238841173942274, 3, 0, '2024-04-11 20:13:45', '2024-05-02 02:41:11', 0);
INSERT INTO `user_interface_invoke` VALUES (1778396128858828801, 1778391697438208002, 1705237104270712833, 1, 0, '2024-04-11 20:14:12', '2024-04-11 20:14:12', 0);
INSERT INTO `user_interface_invoke` VALUES (1778396254755057666, 1778391697438208002, 1705239928861827073, 3, 0, '2024-04-11 20:14:42', '2024-04-25 21:46:48', 0);
INSERT INTO `user_interface_invoke` VALUES (1778396597492609026, 1778391697438208002, 1705240565347459073, 46, 0, '2024-04-11 20:16:04', '2024-05-03 01:41:17', 0);
INSERT INTO `user_interface_invoke` VALUES (1778466543593549826, 1778465669374767106, 1705234447153963010, 1, 0, '2024-04-12 00:54:00', '2024-04-12 00:54:00', 0);
INSERT INTO `user_interface_invoke` VALUES (1778975390770896897, 1778970532986724353, 1705240565347459073, 9, 0, '2024-04-13 10:35:59', '2024-04-13 14:25:39', 0);
INSERT INTO `user_interface_invoke` VALUES (1778975460039827457, 1778970532986724353, 1705234447153963010, 5, 0, '2024-04-13 10:36:16', '2024-04-13 14:27:14', 0);
INSERT INTO `user_interface_invoke` VALUES (1779033269758578690, 1778970532986724353, 1705239469589733378, 3, 0, '2024-04-13 14:25:59', '2024-04-13 14:27:22', 0);
INSERT INTO `user_interface_invoke` VALUES (1780560302879674370, 1780559533468160001, 1705234447153963010, 1, 0, '2024-04-17 19:33:52', '2024-04-17 19:33:52', 0);
INSERT INTO `user_interface_invoke` VALUES (1780586653065773057, 1780561892755771394, 1705234447153963010, 41, 0, '2024-04-17 21:18:34', '2024-05-03 21:57:45', 0);
INSERT INTO `user_interface_invoke` VALUES (1782059387161300994, 1780561892755771394, 1705240565347459073, 96, 0, '2024-04-21 22:50:41', '2024-05-02 15:45:32', 0);
INSERT INTO `user_interface_invoke` VALUES (1782060372042600450, 1780561892755771394, 1705237990061580289, 142, 0, '2024-04-21 22:54:36', '2024-05-02 22:08:44', 0);
INSERT INTO `user_interface_invoke` VALUES (1782061356152147969, 1780561892755771394, 1705239928861827073, 16, 0, '2024-04-21 22:58:31', '2024-05-01 21:47:55', 0);
INSERT INTO `user_interface_invoke` VALUES (1782061627569754113, 1780561892755771394, 1705239469589733378, 39, 0, '2024-04-21 22:59:35', '2024-05-02 18:16:23', 0);
INSERT INTO `user_interface_invoke` VALUES (1782061725141848066, 1780561892755771394, 1705237104270712833, 1, 0, '2024-04-21 22:59:59', '2024-04-21 22:59:59', 0);
INSERT INTO `user_interface_invoke` VALUES (1783105417889894401, 1780561892755771394, 1705238841173942274, 5, 0, '2024-04-24 20:07:14', '2024-05-02 11:50:03', 0);
INSERT INTO `user_interface_invoke` VALUES (1785420288081936385, 1780561892755771394, 1785417696081756161, 65, 0, '2024-05-01 05:25:42', '2024-05-03 22:58:44', 0);
INSERT INTO `user_interface_invoke` VALUES (1785420684141674498, 1780561892755771394, 1785417203737575425, 163, 0, '2024-05-01 05:27:17', '2024-05-03 23:23:45', 0);
INSERT INTO `user_interface_invoke` VALUES (1785421125877383169, 1780561892755771394, 1785418020532142082, 3, 0, '2024-05-01 05:29:02', '2024-05-02 22:13:24', 0);
INSERT INTO `user_interface_invoke` VALUES (1785421160727855106, 1780561892755771394, 1785418263822745602, 9, 0, '2024-05-01 05:29:10', '2024-05-03 22:47:43', 0);
INSERT INTO `user_interface_invoke` VALUES (1785560563387346946, 1778391697438208002, 1785417203737575425, 9, 0, '2024-05-01 14:43:07', '2024-05-02 21:02:39', 0);
INSERT INTO `user_interface_invoke` VALUES (1785596134323310594, 1785596027465027586, 1785417203737575425, 1, 0, '2024-05-01 17:04:27', '2024-05-01 17:04:27', 0);
INSERT INTO `user_interface_invoke` VALUES (1785596559457964034, 1785596441988091905, 1785417203737575425, 1, 0, '2024-05-01 17:06:09', '2024-05-01 17:06:09', 0);

SET FOREIGN_KEY_CHECKS = 1;
